Entity,Code,Year,Wind (% growth)
Africa,,1994,170
Africa,,1995,16.667
Africa,,1996,12.698
Africa,,1997,1.408
Africa,,1998,5.556
Africa,,1999,160.526
Africa,,2000,788.889
Africa,,2001,134.874
Africa,,2002,6.161
Africa,,2003,20.951
Africa,,2004,41.238
Africa,,2005,1.059
Africa,,2006,8.285
Africa,,2007,18.451
Africa,,2008,28.321
Africa,,2009,20.404
Africa,,2010,42.802
Africa,,2011,10.412
Africa,,2012,16.012
Africa,,2013,19.469
Africa,,2014,44.032
Africa,,2015,71.291
Africa,,2016,26.446
Africa,,2017,9.544
Africa,,2018,14.015
Africa,,2019,22.087
Algeria,DZA,2015,1788.693
Algeria,DZA,2016,-0.32
Algeria,DZA,2017,-0.86
Algeria,DZA,2018,-47.676
Algeria,DZA,2019,-0.369
Argentina,ARG,1997,51.716
Argentina,ARG,1998,123.006
Argentina,ARG,1999,6.884
Argentina,ARG,2000,-0.066
Argentina,ARG,2001,41.091
Argentina,ARG,2002,47.751
Argentina,ARG,2003,5.516
Argentina,ARG,2004,-7.658
Argentina,ARG,2005,-1.629
Argentina,ARG,2006,-3.51
Argentina,ARG,2007,-12.108
Argentina,ARG,2008,-32.313
Argentina,ARG,2009,-12.746
Argentina,ARG,2010,-31.591
Argentina,ARG,2011,4.247
Argentina,ARG,2012,1282.525
Argentina,ARG,2013,21.836
Argentina,ARG,2014,35.828
Argentina,ARG,2015,-4.792
Argentina,ARG,2016,-8.295
Argentina,ARG,2017,11.073
Argentina,ARG,2018,129.653
Argentina,ARG,2019,252.332
Australia,AUS,1994,175
Australia,AUS,1995,27.273
Australia,AUS,1996,0
Australia,AUS,1997,7.143
Australia,AUS,1998,140
Australia,AUS,1999,138.889
Australia,AUS,2000,211.628
Australia,AUS,2001,112.788
Australia,AUS,2002,84.707
Australia,AUS,2003,31.11
Australia,AUS,2004,12.199
Australia,AUS,2005,62.368
Australia,AUS,2006,65.39
Australia,AUS,2007,31.089
Australia,AUS,2008,20.507
Australia,AUS,2009,27.524
Australia,AUS,2010,11.643
Australia,AUS,2011,28.24
Australia,AUS,2012,19.375
Australia,AUS,2013,19.136
Australia,AUS,2014,4.962
Australia,AUS,2015,20.364
Australia,AUS,2016,9.383
Australia,AUS,2017,0.7
Australia,AUS,2018,23.647
Australia,AUS,2019,18.529
Austria,AUT,1996,400
Austria,AUT,1997,300
Austria,AUT,1998,125
Austria,AUT,1999,13.333
Austria,AUT,2000,31.373
Austria,AUT,2001,155.049
Austria,AUT,2002,17.262
Austria,AUT,2003,79.14
Austria,AUT,2004,150.851
Austria,AUT,2005,43.166
Austria,AUT,2006,30.834
Austria,AUT,2007,15.499
Austria,AUT,2008,-1.886
Austria,AUT,2009,-3.445
Austria,AUT,2010,4.975
Austria,AUT,2011,-6.758
Austria,AUT,2012,26.385
Austria,AUT,2013,27.303
Austria,AUT,2014,21.232
Austria,AUT,2015,25.112
Austria,AUT,2016,7.51
Austria,AUT,2017,24.796
Austria,AUT,2018,-8.77
Austria,AUT,2019,22.845
Azerbaijan,AZE,2010,-76.337
Azerbaijan,AZE,2011,-100
Azerbaijan,AZE,2014,185.779
Azerbaijan,AZE,2015,98.809
Azerbaijan,AZE,2016,392.718
Azerbaijan,AZE,2017,-3.64
Azerbaijan,AZE,2018,269.771
Azerbaijan,AZE,2019,63.197
Bangladesh,BGD,2007,-0.625
Bangladesh,BGD,2008,80.124
Bangladesh,BGD,2009,74.777
Bangladesh,BGD,2010,-0.613
Bangladesh,BGD,2011,-0.61
Bangladesh,BGD,2012,-0.606
Bangladesh,BGD,2013,-0.973
Bangladesh,BGD,2014,-0.599
Bangladesh,BGD,2015,-0.595
Bangladesh,BGD,2016,-0.592
Bangladesh,BGD,2017,-0.588
Bangladesh,BGD,2018,-0.585
Bangladesh,BGD,2019,-0.369
Belarus,BLR,2005,-1.627
Belarus,BLR,2006,-0.629
Belarus,BLR,2007,-0.625
Belarus,BLR,2008,-0.621
Belarus,BLR,2009,-0.617
Belarus,BLR,2010,-0.613
Belarus,BLR,2011,297.561
Belarus,BLR,2012,49.091
Belarus,BLR,2013,32.53
Belarus,BLR,2014,11.826
Belarus,BLR,2015,330.754
Belarus,BLR,2016,86.072
Belarus,BLR,2017,32.095
Belarus,BLR,2018,1.465
Belarus,BLR,2019,7.022
Belgium,BEL,1988,33.333
Belgium,BEL,1989,-12.5
Belgium,BEL,1990,0
Belgium,BEL,1991,14.286
Belgium,BEL,1992,12.5
Belgium,BEL,1993,-11.111
Belgium,BEL,1994,12.5
Belgium,BEL,1995,0
Belgium,BEL,1996,-11.111
Belgium,BEL,1997,0
Belgium,BEL,1998,37.5
Belgium,BEL,1999,18.182
Belgium,BEL,2000,23.077
Belgium,BEL,2001,129.748
Belgium,BEL,2002,53.06
Belgium,BEL,2003,53.396
Belgium,BEL,2004,60.336
Belgium,BEL,2005,58.847
Belgium,BEL,2006,60.219
Belgium,BEL,2007,33.315
Belgium,BEL,2008,28.929
Belgium,BEL,2009,55.393
Belgium,BEL,2010,28.923
Belgium,BEL,2011,77.856
Belgium,BEL,2012,18.267
Belgium,BEL,2013,32.422
Belgium,BEL,2014,25.175
Belgium,BEL,2015,20.053
Belgium,BEL,2016,-3.023
Belgium,BEL,2017,19.083
Belgium,BEL,2018,13.93
Belgium,BEL,2019,27.227
Brazil,BRA,1997,100
Brazil,BRA,1998,25
Brazil,BRA,1999,-60
Brazil,BRA,2000,-50
Brazil,BRA,2001,3367.34
Brazil,BRA,2002,73.657
Brazil,BRA,2003,-0.641
Brazil,BRA,2004,-0.637
Brazil,BRA,2005,51.331
Brazil,BRA,2006,153.509
Brazil,BRA,2007,177.907
Brazil,BRA,2008,77.381
Brazil,BRA,2009,4.003
Brazil,BRA,2010,74.734
Brazil,BRA,2011,23.51
Brazil,BRA,2012,85.576
Brazil,BRA,2013,29.431
Brazil,BRA,2014,84.571
Brazil,BRA,2015,76.057
Brazil,BRA,2016,53.94
Brazil,BRA,2017,25.785
Brazil,BRA,2018,13.731
Brazil,BRA,2019,14.754
Bulgaria,BGR,2005,396.835
Bulgaria,BGR,2006,297.485
Bulgaria,BGR,2007,133.531
Bulgaria,BGR,2008,157.962
Bulgaria,BGR,2009,93.063
Bulgaria,BGR,2010,185.579
Bulgaria,BGR,2011,25.661
Bulgaria,BGR,2012,40.952
Bulgaria,BGR,2013,11.853
Bulgaria,BGR,2014,-3.71
Bulgaria,BGR,2015,8.442
Bulgaria,BGR,2016,-2.44
Bulgaria,BGR,2017,4.927
Bulgaria,BGR,2018,-12.875
Bulgaria,BGR,2019,-1.195
Canada,CAN,1986,0
Canada,CAN,1987,0
Canada,CAN,1988,0
Canada,CAN,1989,0
Canada,CAN,1990,91.919
Canada,CAN,1991,0
Canada,CAN,1992,2974.214
Canada,CAN,1993,0
Canada,CAN,1994,0
Canada,CAN,1995,0
Canada,CAN,1996,5.085
Canada,CAN,1997,0
Canada,CAN,1998,0
Canada,CAN,1999,161.29
Canada,CAN,2000,62.963
Canada,CAN,2001,23.812
Canada,CAN,2002,22.306
Canada,CAN,2003,69.278
Canada,CAN,2004,36.084
Canada,CAN,2005,63.193
Canada,CAN,2006,56.74
Canada,CAN,2007,20.858
Canada,CAN,2008,26.46
Canada,CAN,2009,74.228
Canada,CAN,2010,30.55
Canada,CAN,2011,16.073
Canada,CAN,2012,10.348
Canada,CAN,2013,-2.061
Canada,CAN,2014,14.31
Canada,CAN,2015,109.142
Canada,CAN,2016,14.031
Canada,CAN,2017,1.277
Canada,CAN,2018,4.692
Canada,CAN,2019,2.591
Chile,CHL,2002,-0.645
Chile,CHL,2003,-0.641
Chile,CHL,2004,-29.026
Chile,CHL,2005,39.114
Chile,CHL,2006,-0.629
Chile,CHL,2007,59
Chile,CHL,2008,238.271
Chile,CHL,2009,105.981
Chile,CHL,2010,309.205
Chile,CHL,2011,3.139
Chile,CHL,2012,20.236
Chile,CHL,2013,32.666
Chile,CHL,2014,163.171
Chile,CHL,2015,45.661
Chile,CHL,2016,15.259
Chile,CHL,2017,47.001
Chile,CHL,2018,-1.618
Chile,CHL,2019,47.18
China,CHN,1991,350
China,CHN,1992,1344.444
China,CHN,1993,61.538
China,CHN,1994,80.952
China,CHN,1995,60.526
China,CHN,1996,-84.754
China,CHN,1997,110.753
China,CHN,1998,79.592
China,CHN,1999,33.239
China,CHN,2000,24.52
China,CHN,2001,21.126
China,CHN,2002,15.681
China,CHN,2003,18.296
China,CHN,2004,27.35
China,CHN,2005,51.336
China,CHN,2006,89.535
China,CHN,2007,46.695
China,CHN,2008,137.597
China,CHN,2009,109.5
China,CHN,2010,77.789
China,CHN,2011,49.087
China,CHN,2012,38.226
China,CHN,2013,33.364
China,CHN,2014,14.857
China,CHN,2015,15.475
China,CHN,2016,29.012
China,CHN,2017,25.719
China,CHN,2018,19.39
China,CHN,2019,10.499
Colombia,COL,2005,-5.43
Colombia,COL,2006,26.486
Colombia,COL,2007,-21.28
Colombia,COL,2008,7.401
Colombia,COL,2009,6.368
Colombia,COL,2010,-33.573
Colombia,COL,2011,6.353
Colombia,COL,2012,32.105
Colombia,COL,2013,4.417
Colombia,COL,2014,21.145
Colombia,COL,2015,-3.218
Colombia,COL,2016,-26.019
Colombia,COL,2017,-94
Colombia,COL,2018,1694.38
Colombia,COL,2019,6.999
Croatia,HRV,2005,396.836
Croatia,HRV,2006,88.805
Croatia,HRV,2007,83.06
Croatia,HRV,2008,13.576
Croatia,HRV,2009,34.167
Croatia,HRV,2010,155.828
Croatia,HRV,2011,43.723
Croatia,HRV,2012,62.69
Croatia,HRV,2013,56.196
Croatia,HRV,2014,40.354
Croatia,HRV,2015,8.392
Croatia,HRV,2016,26.633
Croatia,HRV,2017,18.039
Croatia,HRV,2018,10.265
Croatia,HRV,2019,7.409
Cyprus,CYP,2005,-0.633
Cyprus,CYP,2006,-0.629
Cyprus,CYP,2007,-0.345
Cyprus,CYP,2008,-0.621
Cyprus,CYP,2009,-0.617
Cyprus,CYP,2010,8554.46
Cyprus,CYP,2011,265.499
Cyprus,CYP,2012,61.297
Cyprus,CYP,2013,24.113
Cyprus,CYP,2014,-20.866
Cyprus,CYP,2015,19.922
Cyprus,CYP,2016,1.579
Cyprus,CYP,2017,-7.276
Cyprus,CYP,2018,3.722
Cyprus,CYP,2019,7.546
Czechia,CZE,2002,694.837
Czechia,CZE,2003,142.188
Czechia,CZE,2004,152.229
Czechia,CZE,2005,113.589
Czechia,CZE,2006,130.566
Czechia,CZE,2007,151.78
Czechia,CZE,2008,94.361
Czechia,CZE,2009,17.015
Czechia,CZE,2010,15.749
Czechia,CZE,2011,17.553
Czechia,CZE,2012,4.529
Czechia,CZE,2013,13.927
Czechia,CZE,2014,-0.973
Czechia,CZE,2015,19.453
Czechia,CZE,2016,-13.717
Czechia,CZE,2017,18.222
Czechia,CZE,2018,2.492
Czechia,CZE,2019,14.457
Denmark,DNK,1979,100
Denmark,DNK,1980,75
Denmark,DNK,1981,0
Denmark,DNK,1982,76.19
Denmark,DNK,1983,46.486
Denmark,DNK,1984,22.509
Denmark,DNK,1985,54.819
Denmark,DNK,1986,144.358
Denmark,DNK,1987,38.376
Denmark,DNK,1988,67.837
Denmark,DNK,1989,46.863
Denmark,DNK,1990,42.46
Denmark,DNK,1991,21.268
Denmark,DNK,1992,23.686
Denmark,DNK,1993,12.978
Denmark,DNK,1994,9.94
Denmark,DNK,1995,3.544
Denmark,DNK,1996,4.213
Denmark,DNK,1997,57.649
Denmark,DNK,1998,45.792
Denmark,DNK,1999,7.415
Denmark,DNK,2000,40.02
Denmark,DNK,2001,0.869
Denmark,DNK,2002,12.528
Denmark,DNK,2003,13.291
Denmark,DNK,2004,17.631
Denmark,DNK,2005,-0.167
Denmark,DNK,2006,-8.232
Denmark,DNK,2007,16.674
Denmark,DNK,2008,-3.994
Denmark,DNK,2009,-3.591
Denmark,DNK,2010,15.49
Denmark,DNK,2011,24.396
Denmark,DNK,2012,4.435
Denmark,DNK,2013,7.657
Denmark,DNK,2014,16.874
Denmark,DNK,2015,7.42
Denmark,DNK,2016,-10.097
Denmark,DNK,2017,14.954
Denmark,DNK,2018,-6.512
Denmark,DNK,2019,15.767
Ecuador,ECU,2008,177.071
Ecuador,ECU,2009,18.721
Ecuador,ECU,2010,6.534
Ecuador,ECU,2011,-3.219
Ecuador,ECU,2012,-28.727
Ecuador,ECU,2013,2249.991
Ecuador,ECU,2014,39.79
Ecuador,ECU,2015,23.169
Ecuador,ECU,2016,-15.53
Ecuador,ECU,2017,-13.09
Ecuador,ECU,2018,8.704
Ecuador,ECU,2019,6.172
Egypt,EGY,2000,570.833
Egypt,EGY,2001,120.916
Egypt,EGY,2002,17.949
Egypt,EGY,2003,33.725
Egypt,EGY,2004,75.119
Egypt,EGY,2005,0.562
Egypt,EGY,2006,17.867
Egypt,EGY,2007,8.798
Egypt,EGY,2008,39.491
Egypt,EGY,2009,10.86
Egypt,EGY,2010,35.028
Egypt,EGY,2011,16.082
Egypt,EGY,2012,7.638
Egypt,EGY,2013,-13.953
Egypt,EGY,2014,-27.447
Egypt,EGY,2015,65.161
Egypt,EGY,2016,34.188
Egypt,EGY,2017,-16.947
Egypt,EGY,2018,-4.366
Egypt,EGY,2019,37.019
Estonia,EST,2003,332.92
Estonia,EST,2004,23.797
Estonia,EST,2005,604.722
Estonia,EST,2006,40.668
Estonia,EST,2007,18.521
Estonia,EST,2008,45.246
Estonia,EST,2009,45.712
Estonia,EST,2010,41.18
Estonia,EST,2011,32.042
Estonia,EST,2012,17.22
Estonia,EST,2013,21.155
Estonia,EST,2014,13.494
Estonia,EST,2015,17.689
Estonia,EST,2016,-17.426
Estonia,EST,2017,21.001
Estonia,EST,2018,-12.548
Estonia,EST,2019,6.141
Europe,,1979,100
Europe,,1980,75
Europe,,1981,0
Europe,,1982,76.19
Europe,,1983,62.703
Europe,,1984,26.91
Europe,,1985,50.262
Europe,,1986,132.753
Europe,,1987,42.814
Europe,,1988,72.799
Europe,,1989,56.324
Europe,,1990,51.234
Europe,,1991,25.732
Europe,,1992,56.633
Europe,,1993,48.844
Europe,,1994,30.392
Europe,,1995,29.665
Europe,,1996,24.995
Europe,,1997,51.09
Europe,,1998,53.197
Europe,,1999,27.449
Europe,,2000,57.64
Europe,,2001,19.17
Europe,,2002,34.368
Europe,,2003,21.468
Europe,,2004,32.31
Europe,,2005,19.141
Europe,,2006,16.238
Europe,,2007,26.319
Europe,,2008,14.082
Europe,,2009,10.872
Europe,,2010,12.645
Europe,,2011,20.904
Europe,,2012,14.4
Europe,,2013,14.784
Europe,,2014,6.1
Europe,,2015,19.672
Europe,,2016,0.692
Europe,,2017,18.194
Europe,,2018,4.294
Europe,,2019,14.179
Finland,FIN,1992,300
Finland,FIN,1993,83.333
Finland,FIN,1994,63.636
Finland,FIN,1995,50
Finland,FIN,1996,1.852
Finland,FIN,1997,50.909
Finland,FIN,1998,38.554
Finland,FIN,1999,113.043
Finland,FIN,2000,56.327
Finland,FIN,2001,-9.728
Finland,FIN,2002,-10.067
Finland,FIN,2003,44.938
Finland,FIN,2004,30.069
Finland,FIN,2005,39.015
Finland,FIN,2006,-9.84
Finland,FIN,2007,22.608
Finland,FIN,2008,37.411
Finland,FIN,2009,5.525
Finland,FIN,2010,5.746
Finland,FIN,2011,62.577
Finland,FIN,2012,2.057
Finland,FIN,2013,55.581
Finland,FIN,2014,42.248
Finland,FIN,2015,108.955
Finland,FIN,2016,31.041
Finland,FIN,2017,55.378
Finland,FIN,2018,21.049
Finland,FIN,2019,2.135
France,FRA,1991,80.316
France,FRA,1992,0
France,FRA,1993,390.637
France,FRA,1994,95.822
France,FRA,1995,0.217
France,FRA,1996,57.613
France,FRA,1997,49.773
France,FRA,1998,75.202
France,FRA,1999,89.486
France,FRA,2000,29.925
France,FRA,2001,171.145
France,FRA,2002,100.985
France,FRA,2003,45.477
France,FRA,2004,52.374
France,FRA,2005,60.657
France,FRA,2006,125.393
France,FRA,2007,85.36
France,FRA,2008,39.033
France,FRA,2009,38.096
France,FRA,2010,24.924
France,FRA,2011,20.448
France,FRA,2012,22.989
France,FRA,2013,6.863
France,FRA,2014,6.94
France,FRA,2015,22.456
France,FRA,2016,0.115
France,FRA,2017,12.963
France,FRA,2018,14.818
France,FRA,2019,22.319
Germany,DEU,1987,100
Germany,DEU,1988,300
Germany,DEU,1989,225
Germany,DEU,1990,173.077
Germany,DEU,1991,40.845
Germany,DEU,1992,175
Germany,DEU,1993,118.182
Germany,DEU,1994,51.5
Germany,DEU,1995,65.017
Germany,DEU,1996,35.467
Germany,DEU,1997,45.965
Germany,DEU,1998,51.349
Germany,DEU,1999,23.145
Germany,DEU,2000,72.088
Germany,DEU,2001,9.753
Germany,DEU,2002,49.245
Germany,DEU,2003,17.782
Germany,DEU,2004,35.449
Germany,DEU,2005,6.067
Germany,DEU,2006,12.075
Germany,DEU,2007,28.508
Germany,DEU,2008,1.533
Germany,DEU,2009,-5.335
Germany,DEU,2010,-0.873
Germany,DEU,2011,28.552
Germany,DEU,2012,3.028
Germany,DEU,2013,1.431
Germany,DEU,2014,10.258
Germany,DEU,2015,37.005
Germany,DEU,2016,-1.455
Germany,DEU,2017,31.464
Germany,DEU,2018,3.42
Germany,DEU,2019,14.151
Greece,GRC,1988,0
Greece,GRC,1989,0
Greece,GRC,1990,100
Greece,GRC,1991,0
Greece,GRC,1992,300
Greece,GRC,1993,487.5
Greece,GRC,1994,-21.277
Greece,GRC,1995,-8.108
Greece,GRC,1996,5.882
Greece,GRC,1997,2.778
Greece,GRC,1998,97.297
Greece,GRC,1999,121.918
Greece,GRC,2000,178.395
Greece,GRC,2001,66.539
Greece,GRC,2002,-14.444
Greece,GRC,2003,55.83
Greece,GRC,2004,9.095
Greece,GRC,2005,12.22
Greece,GRC,2006,33.358
Greece,GRC,2007,6.335
Greece,GRC,2008,22.556
Greece,GRC,2009,12.725
Greece,GRC,2010,6.07
Greece,GRC,2011,21.4
Greece,GRC,2012,15.435
Greece,GRC,2013,6.859
Greece,GRC,2014,-11.406
Greece,GRC,2015,24.519
Greece,GRC,2016,10.702
Greece,GRC,2017,6.965
Greece,GRC,2018,13.12
Greece,GRC,2019,15.098
Hong Kong,HKG,2007,23.861
Hong Kong,HKG,2008,-7.285
Hong Kong,HKG,2009,35.342
Hong Kong,HKG,2010,-5.858
Hong Kong,HKG,2011,-17.127
Hong Kong,HKG,2012,20.578
Hong Kong,HKG,2013,-21.086
Hong Kong,HKG,2014,7.011
Hong Kong,HKG,2015,-10.425
Hong Kong,HKG,2016,-39.693
Hong Kong,HKG,2017,283.907
Hong Kong,HKG,2018,-5.756
Hong Kong,HKG,2019,-3.771
Hungary,HUN,2002,-0.645
Hungary,HUN,2003,297.436
Hungary,HUN,2004,49.044
Hungary,HUN,2005,65.612
Hungary,HUN,2006,327.296
Hungary,HUN,2007,154.215
Hungary,HUN,2008,85.206
Hungary,HUN,2009,60.467
Hungary,HUN,2010,58.238
Hungary,HUN,2011,18.061
Hungary,HUN,2012,22.445
Hungary,HUN,2013,-7.469
Hungary,HUN,2014,-9.095
Hungary,HUN,2015,4.925
Hungary,HUN,2016,-1.883
Hungary,HUN,2017,10.167
Hungary,HUN,2018,-20.389
Hungary,HUN,2019,19.164
Iceland,ISL,2012,-100
Iceland,ISL,2014,51.973
Iceland,ISL,2015,29.143
Iceland,ISL,2016,-15.962
Iceland,ISL,2017,-12.277
Iceland,ISL,2018,-46.628
Iceland,ISL,2019,49.972
India,IND,1991,272.603
India,IND,1992,-21.646
India,IND,1993,7.121
India,IND,1994,101.836
India,IND,1995,159.551
India,IND,1996,76.925
India,IND,1997,12.48
India,IND,1998,9.211
India,IND,1999,34.013
India,IND,2000,9.405
India,IND,2001,30.939
India,IND,2002,-0.645
India,IND,2003,24.114
India,IND,2004,99.354
India,IND,2005,13.925
India,IND,2006,54.875
India,IND,2007,24.338
India,IND,2008,22.307
India,IND,2009,12.466
India,IND,2010,18.844
India,IND,2011,22.357
India,IND,2012,13.836
India,IND,2013,8.727
India,IND,2014,10.821
India,IND,2015,-2.715
India,IND,2016,31.93
India,IND,2017,20.396
India,IND,2018,13.935
India,IND,2019,4.592
Indonesia,IDN,2008,1241.616
Indonesia,IDN,2009,1250.868
Indonesia,IDN,2010,-1.426
Indonesia,IDN,2011,28.06
Indonesia,IDN,2012,-2.301
Indonesia,IDN,2013,-97.844
Indonesia,IDN,2014,-100
Indonesia,IDN,2016,52.874
Indonesia,IDN,2017,-100
Indonesia,IDN,2019,-0.369
Iran,IRN,2000,4.286
Iran,IRN,2001,-8.271
Iran,IRN,2002,-10.669
Iran,IRN,2003,-9.495
Iran,IRN,2004,66.685
Iran,IRN,2005,52.162
Iran,IRN,2006,75.616
Iran,IRN,2007,11.747
Iran,IRN,2008,38.101
Iran,IRN,2009,14.813
Iran,IRN,2010,-8.215
Iran,IRN,2011,1.579
Iran,IRN,2012,-4.889
Iran,IRN,2013,2.803
Iran,IRN,2014,-6.997
Iran,IRN,2015,21.78
Iran,IRN,2016,8.479
Iran,IRN,2017,15.194
Iran,IRN,2018,8.244
Iran,IRN,2019,6.768
Ireland,IRL,1993,200
Ireland,IRL,1994,26.667
Ireland,IRL,1995,-15.789
Ireland,IRL,1996,-12.5
Ireland,IRL,1997,257.143
Ireland,IRL,1998,238
Ireland,IRL,1999,10.651
Ireland,IRL,2000,30.481
Ireland,IRL,2001,35.996
Ireland,IRL,2002,15.418
Ireland,IRL,2003,16.26
Ireland,IRL,2004,43.354
Ireland,IRL,2005,68.683
Ireland,IRL,2006,44.961
Ireland,IRL,2007,19.98
Ireland,IRL,2008,22.298
Ireland,IRL,2009,21.866
Ireland,IRL,2010,-5.341
Ireland,IRL,2011,54.676
Ireland,IRL,2012,-8.998
Ireland,IRL,2013,12.559
Ireland,IRL,2014,12.502
Ireland,IRL,2015,27.117
Ireland,IRL,2016,-7.021
Ireland,IRL,2017,20.36
Ireland,IRL,2018,15.373
Ireland,IRL,2019,11.753
Israel,ISR,2002,9.291
Israel,ISR,2003,8.391
Israel,ISR,2004,-8.917
Israel,ISR,2005,-0.632
Israel,ISR,2006,-9.663
Israel,ISR,2007,-0.625
Israel,ISR,2008,-10.559
Israel,ISR,2009,-0.617
Israel,ISR,2010,-11.656
Israel,ISR,2011,-13.033
Israel,ISR,2012,-14.805
Israel,ISR,2013,-0.602
Israel,ISR,2014,-2.255
Israel,ISR,2015,12.883
Israel,ISR,2016,582.842
Israel,ISR,2017,1.921
Israel,ISR,2018,35.785
Israel,ISR,2019,-0.369
Italy,ITA,1990,-4.041
Italy,ITA,1991,50
Italy,ITA,1992,-33.333
Italy,ITA,1993,100
Italy,ITA,1994,75
Italy,ITA,1995,28.571
Italy,ITA,1996,266.667
Italy,ITA,1997,272.631
Italy,ITA,1998,96.61
Italy,ITA,1999,73.707
Italy,ITA,2000,39.702
Italy,ITA,2001,108.054
Italy,ITA,2002,18.316
Italy,ITA,2003,3.18
Italy,ITA,2004,25.874
Italy,ITA,2005,26.051
Italy,ITA,2006,26.006
Italy,ITA,2007,34.931
Italy,ITA,2008,19.752
Italy,ITA,2009,33.771
Italy,ITA,2010,38.62
Italy,ITA,2011,7.346
Italy,ITA,2012,35.2
Italy,ITA,2013,10.443
Italy,ITA,2014,1.278
Italy,ITA,2015,-2.785
Italy,ITA,2016,18.46
Italy,ITA,2017,-0.289
Italy,ITA,2018,-0.728
Italy,ITA,2019,12.828
Japan,JPN,1994,0
Japan,JPN,1995,0
Japan,JPN,1996,100
Japan,JPN,1997,-50
Japan,JPN,1998,636.842
Japan,JPN,1999,414.285
Japan,JPN,2000,199.75
Japan,JPN,2001,129.691
Japan,JPN,2002,62.832
Japan,JPN,2003,100.161
Japan,JPN,2004,71.975
Japan,JPN,2005,31.799
Japan,JPN,2006,11.077
Japan,JPN,2007,27.535
Japan,JPN,2008,6.814
Japan,JPN,2009,15.659
Japan,JPN,2010,13.84
Japan,JPN,2011,12.892
Japan,JPN,2012,5.376
Japan,JPN,2013,7.929
Japan,JPN,2014,-2.907
Japan,JPN,2015,3.545
Japan,JPN,2016,16.083
Japan,JPN,2017,2.26
Japan,JPN,2018,16.54
Japan,JPN,2019,16.781
Kazakhstan,KAZ,2012,1701.94
Kazakhstan,KAZ,2013,69.655
Kazakhstan,KAZ,2014,189.879
Kazakhstan,KAZ,2015,887.085
Kazakhstan,KAZ,2016,107.524
Kazakhstan,KAZ,2017,22.831
Kazakhstan,KAZ,2018,12.744
Kazakhstan,KAZ,2019,28.199
Kuwait,KWT,2018,-0.585
Kuwait,KWT,2019,-0.369
Latvia,LVA,1997,100
Latvia,LVA,1998,0
Latvia,LVA,1999,0
Latvia,LVA,2000,150
Latvia,LVA,2001,-40.39
Latvia,LVA,2002,264.302
Latvia,LVA,2003,333.565
Latvia,LVA,2004,1.433
Latvia,LVA,2005,-4.689
Latvia,LVA,2006,-2.743
Latvia,LVA,2007,14.497
Latvia,LVA,2008,8.754
Latvia,LVA,2009,-17.752
Latvia,LVA,2010,1.457
Latvia,LVA,2011,44.014
Latvia,LVA,2012,51.191
Latvia,LVA,2013,9.521
Latvia,LVA,2014,-15.634
Latvia,LVA,2015,44.678
Latvia,LVA,2016,-12.088
Latvia,LVA,2017,14.706
Latvia,LVA,2018,-19.117
Latvia,LVA,2019,26.2
Lithuania,LTU,2005,49.05
Lithuania,LTU,2006,656.322
Lithuania,LTU,2007,669.613
Lithuania,LTU,2008,22.795
Lithuania,LTU,2009,19.547
Lithuania,LTU,2010,41.17
Lithuania,LTU,2011,110.761
Lithuania,LTU,2012,13.016
Lithuania,LTU,2013,10.918
Lithuania,LTU,2014,5.405
Lithuania,LTU,2015,26.033
Lithuania,LTU,2016,39.353
Lithuania,LTU,2017,19.357
Lithuania,LTU,2018,-16.534
Lithuania,LTU,2019,26.954
Luxembourg,LUX,1998,266.667
Luxembourg,LUX,1999,63.636
Luxembourg,LUX,2000,37.461
Luxembourg,LUX,2001,-4.677
Luxembourg,LUX,2002,2.448
Luxembourg,LUX,2003,6.215
Luxembourg,LUX,2004,49.603
Luxembourg,LUX,2005,31.781
Luxembourg,LUX,2006,10.278
Luxembourg,LUX,2007,10.172
Luxembourg,LUX,2008,-6.336
Luxembourg,LUX,2009,4.112
Luxembourg,LUX,2010,-13.749
Luxembourg,LUX,2011,15.57
Luxembourg,LUX,2012,20.213
Luxembourg,LUX,2013,6.533
Luxembourg,LUX,2014,-4.371
Luxembourg,LUX,2015,26.749
Luxembourg,LUX,2016,-0.945
Luxembourg,LUX,2017,130.023
Luxembourg,LUX,2018,7.777
Luxembourg,LUX,2019,4.408
Mexico,MEX,1991,0
Mexico,MEX,1992,0
Mexico,MEX,1993,0
Mexico,MEX,1994,400
Mexico,MEX,1995,40
Mexico,MEX,1996,-14.286
Mexico,MEX,1997,100
Mexico,MEX,1998,25
Mexico,MEX,1999,13.333
Mexico,MEX,2000,11.765
Mexico,MEX,2001,-5.878
Mexico,MEX,2002,15.914
Mexico,MEX,2003,-10.104
Mexico,MEX,2004,4.593
Mexico,MEX,2005,-5.601
Mexico,MEX,2006,135.353
Mexico,MEX,2007,447.666
Mexico,MEX,2008,2.184
Mexico,MEX,2009,132.42
Mexico,MEX,2010,106.507
Mexico,MEX,2011,32.213
Mexico,MEX,2012,122.405
Mexico,MEX,2013,12.771
Mexico,MEX,2014,52.65
Mexico,MEX,2015,35.275
Mexico,MEX,2016,17.971
Mexico,MEX,2017,1.727
Mexico,MEX,2018,22.527
Mexico,MEX,2019,33.96
Morocco,MAR,2001,219.474
Morocco,MAR,2002,-6.39
Morocco,MAR,2003,3.92
Morocco,MAR,2004,-2.548
Morocco,MAR,2005,3.064
Morocco,MAR,2006,-11.756
Morocco,MAR,2007,51.286
Morocco,MAR,2008,6.256
Morocco,MAR,2009,30.344
Morocco,MAR,2010,67.415
Morocco,MAR,2011,4.429
Morocco,MAR,2012,4.534
Morocco,MAR,2013,65.877
Morocco,MAR,2014,57.402
Morocco,MAR,2015,30.18
Morocco,MAR,2016,18.375
Morocco,MAR,2017,0.565
Morocco,MAR,2018,25.812
Morocco,MAR,2019,21.9
Netherlands,NLD,1987,100
Netherlands,NLD,1988,700
Netherlands,NLD,1989,43.75
Netherlands,NLD,1990,143.478
Netherlands,NLD,1991,57.143
Netherlands,NLD,1992,67.045
Netherlands,NLD,1993,18.367
Netherlands,NLD,1994,36.782
Netherlands,NLD,1995,33.193
Netherlands,NLD,1996,37.855
Netherlands,NLD,1997,8.696
Netherlands,NLD,1998,34.737
Netherlands,NLD,1999,0.781
Netherlands,NLD,2000,28.527
Netherlands,NLD,2001,-1.129
Netherlands,NLD,2002,13.927
Netherlands,NLD,2003,38.43
Netherlands,NLD,2004,40.752
Netherlands,NLD,2005,10.012
Netherlands,NLD,2006,31.437
Netherlands,NLD,2007,24.928
Netherlands,NLD,2008,23.127
Netherlands,NLD,2009,6.968
Netherlands,NLD,2010,-13.413
Netherlands,NLD,2011,26.947
Netherlands,NLD,2012,-2.912
Netherlands,NLD,2013,12.273
Netherlands,NLD,2014,2.407
Netherlands,NLD,2015,29.455
Netherlands,NLD,2016,7.579
Netherlands,NLD,2017,28.593
Netherlands,NLD,2018,-0.633
Netherlands,NLD,2019,8.064
New Zealand,NZL,1993,42.69
New Zealand,NZL,1994,2.459
New Zealand,NZL,1995,0
New Zealand,NZL,1996,724.301
New Zealand,NZL,1997,63.262
New Zealand,NZL,1998,62.354
New Zealand,NZL,1999,76.681
New Zealand,NZL,2000,208.282
New Zealand,NZL,2001,14.872
New Zealand,NZL,2002,11.146
New Zealand,NZL,2003,-6.355
New Zealand,NZL,2004,145.142
New Zealand,NZL,2005,68.862
New Zealand,NZL,2006,0.638
New Zealand,NZL,2007,48.512
New Zealand,NZL,2008,13.12
New Zealand,NZL,2009,38.631
New Zealand,NZL,2010,10.205
New Zealand,NZL,2011,18.82
New Zealand,NZL,2012,5.588
New Zealand,NZL,2013,-3.343
New Zealand,NZL,2014,8.71
New Zealand,NZL,2015,6.279
New Zealand,NZL,2016,-1.998
New Zealand,NZL,2017,-11.008
New Zealand,NZL,2018,-1.468
New Zealand,NZL,2019,8.658
North America,,1984,143.253
North America,,1985,4.037
North America,,1986,-23.297
North America,,1987,-12.512
North America,,1988,-58.927
North America,,1989,113442.76
North America,,1990,32.108
North America,,1991,5.816
North America,,1992,-0.234
North America,,1993,4.014
North America,,1994,14.526
North America,,1995,-8.001
North America,,1996,2.223
North America,,1997,1.815
North America,,1998,-7.716
North America,,1999,50.397
North America,,2000,25.899
North America,,2001,19.775
North America,,2002,51.203
North America,,2003,9.625
North America,,2004,26.188
North America,,2005,27.447
North America,,2006,49.1
North America,,2007,28.738
North America,,2008,56.729
North America,,2009,35.686
North America,,2010,28.158
North America,,2011,25.427
North America,,2012,17.311
North America,,2013,16.858
North America,,2014,9.009
North America,,2015,11.968
North America,,2016,17.796
North America,,2017,9.848
North America,,2018,6.954
North America,,2019,9.912
North Macedonia,MKD,2015,69.96
North Macedonia,MKD,2016,-9.88
North Macedonia,MKD,2017,0.317
North Macedonia,MKD,2018,-12.411
North Macedonia,MKD,2019,4.205
Norway,NOR,2000,111.537
Norway,NOR,2001,-5.39
Norway,NOR,2002,34.404
Norway,NOR,2003,461.364
Norway,NOR,2004,17.321
Norway,NOR,2005,94.136
Norway,NOR,2006,24.647
Norway,NOR,2007,39.375
Norway,NOR,2008,1.719
Norway,NOR,2009,6.349
Norway,NOR,2010,-10.583
Norway,NOR,2011,45.071
Norway,NOR,2012,19.923
Norway,NOR,2013,20.78
Norway,NOR,2014,17.157
Norway,NOR,2015,12.766
Norway,NOR,2016,-16.373
Norway,NOR,2017,34.1
Norway,NOR,2018,35.05
Norway,NOR,2019,42.312
Pakistan,PAK,2014,100.805
Pakistan,PAK,2015,-2.578
Pakistan,PAK,2016,78.201
Pakistan,PAK,2017,48.236
Pakistan,PAK,2018,48.494
Pakistan,PAK,2019,51.699
Peru,PER,1997,50
Peru,PER,1998,-16.667
Peru,PER,1999,20
Peru,PER,2000,33.333
Peru,PER,2001,49.026
Peru,PER,2002,-0.645
Peru,PER,2003,-0.642
Peru,PER,2004,-0.636
Peru,PER,2005,-0.633
Peru,PER,2006,-0.629
Peru,PER,2007,-0.625
Peru,PER,2008,-0.621
Peru,PER,2009,-0.617
Peru,PER,2010,-0.613
Peru,PER,2011,-0.61
Peru,PER,2012,-0.606
Peru,PER,2013,-0.603
Peru,PER,2014,21229.922
Peru,PER,2015,129.451
Peru,PER,2016,76.299
Peru,PER,2017,1.234
Peru,PER,2018,39.147
Peru,PER,2019,9.162
Philippines,PHL,2006,202.823
Philippines,PHL,2007,7.975
Philippines,PHL,2008,5.468
Philippines,PHL,2009,4.308
Philippines,PHL,2010,-4.796
Philippines,PHL,2011,42.045
Philippines,PHL,2012,-15.103
Philippines,PHL,2013,-13.379
Philippines,PHL,2014,130.206
Philippines,PHL,2015,389.28
Philippines,PHL,2016,29.534
Philippines,PHL,2017,11.475
Philippines,PHL,2018,4.812
Philippines,PHL,2019,1.532
Poland,POL,1996,-100
Poland,POL,1998,100
Poland,POL,1999,0
Poland,POL,2000,25
Poland,POL,2001,178.182
Poland,POL,2002,332.903
Poland,POL,2003,101.976
Poland,POL,2004,13.787
Poland,POL,2005,-5.531
Poland,POL,2006,88.437
Poland,POL,2007,102.632
Poland,POL,2008,59.349
Poland,POL,2009,27.88
Poland,POL,2010,53.555
Poland,POL,2011,91.434
Poland,POL,2012,47.215
Poland,POL,2013,25.718
Poland,POL,2014,27.116
Poland,POL,2015,40.575
Poland,POL,2016,15.247
Poland,POL,2017,17.741
Poland,POL,2018,-14.655
Poland,POL,2019,17.053
Portugal,PRT,1990,-4.04
Portugal,PRT,1991,0
Portugal,PRT,1992,300
Portugal,PRT,1993,175.001
Portugal,PRT,1994,61.052
Portugal,PRT,1995,-5.882
Portugal,PRT,1996,31.25
Portugal,PRT,1997,80.952
Portugal,PRT,1998,134.211
Portugal,PRT,1999,38.202
Portugal,PRT,2000,36.585
Portugal,PRT,2001,51.391
Portugal,PRT,2002,40.494
Portugal,PRT,2003,36.138
Portugal,PRT,2004,63.468
Portugal,PRT,2005,115.904
Portugal,PRT,2006,63.937
Portugal,PRT,2007,37.154
Portugal,PRT,2008,41.72
Portugal,PRT,2009,30.801
Portugal,PRT,2010,20.439
Portugal,PRT,2011,-0.826
Portugal,PRT,2012,11.306
Portugal,PRT,2013,16.396
Portugal,PRT,2014,0.202
Portugal,PRT,2015,-4.73
Portugal,PRT,2016,6.828
Portugal,PRT,2017,-2.389
Portugal,PRT,2018,2.41
Portugal,PRT,2019,8.483
Romania,ROU,1991,-100
Romania,ROU,2007,198.125
Romania,ROU,2008,65.631
Romania,ROU,2009,78.889
Romania,ROU,2010,3279.141
Romania,ROU,2011,350.504
Romania,ROU,2012,89.185
Romania,ROU,2013,70.181
Romania,ROU,2014,3.879
Romania,ROU,2015,48.636
Romania,ROU,2016,-7.249
Romania,ROU,2017,11.736
Romania,ROU,2018,-15.147
Romania,ROU,2019,6.282
Russia,RUS,2001,62.098
Russia,RUS,2002,98.71
Russia,RUS,2003,37.821
Russia,RUS,2004,-19.123
Russia,RUS,2005,-3.472
Russia,RUS,2006,-24.01
Russia,RUS,2007,26.13
Russia,RUS,2008,-21.702
Russia,RUS,2009,-27.374
Russia,RUS,2010,9.482
Russia,RUS,2011,28.025
Russia,RUS,2012,-3.205
Russia,RUS,2013,-15.329
Russia,RUS,2014,2035.717
Russia,RUS,2015,53.118
Russia,RUS,2016,-0.536
Russia,RUS,2017,-6.71
Russia,RUS,2018,69.621
Russia,RUS,2019,32.252
Slovakia,SVK,2004,198.089
Slovakia,SVK,2005,15.928
Slovakia,SVK,2006,-14.825
Slovakia,SVK,2007,32.5
Slovakia,SVK,2008,-13.044
Slovakia,SVK,2009,-14.815
Slovakia,SVK,2010,-0.614
Slovakia,SVK,2011,-17.175
Slovakia,SVK,2012,19.273
Slovakia,SVK,2013,-0.602
Slovakia,SVK,2014,-0.599
Slovakia,SVK,2015,-0.595
Slovakia,SVK,2016,-0.32
Slovakia,SVK,2017,-0.86
Slovakia,SVK,2018,-0.585
Slovakia,SVK,2019,-50.184
Slovenia,SVN,2014,-0.599
Slovenia,SVN,2015,49.107
Slovenia,SVN,2016,-0.32
Slovenia,SVN,2017,-5.552
Slovenia,SVN,2018,4.72
Slovenia,SVN,2019,1.567
South Africa,ZAF,2004,98.727
South Africa,ZAF,2005,-0.633
South Africa,ZAF,2006,-0.629
South Africa,ZAF,2007,-0.625
South Africa,ZAF,2008,73.913
South Africa,ZAF,2009,41.975
South Africa,ZAF,2010,12.638
South Africa,ZAF,2011,8.16
South Africa,ZAF,2012,-0.606
South Africa,ZAF,2013,-0.602
South Africa,ZAF,2014,2763.83
South Africa,ZAF,2015,186.372
South Africa,ZAF,2016,36.245
South Africa,ZAF,2017,38.571
South Africa,ZAF,2018,16.78
South Africa,ZAF,2019,0.302
South Korea,KOR,1994,0
South Korea,KOR,1995,-100
South Korea,KOR,1998,100
South Korea,KOR,1999,191.95
South Korea,KOR,2000,185.751
South Korea,KOR,2001,-25.033
South Korea,KOR,2002,17.435
South Korea,KOR,2003,66.021
South Korea,KOR,2004,89.583
South Korea,KOR,2005,172.05
South Korea,KOR,2006,82.779
South Korea,KOR,2007,76.163
South Korea,KOR,2008,13.905
South Korea,KOR,2009,46.771
South Korea,KOR,2010,18.965
South Korea,KOR,2011,9.317
South Korea,KOR,2012,3.052
South Korea,KOR,2013,25.903
South Korea,KOR,2014,-1.938
South Korea,KOR,2015,16.144
South Korea,KOR,2016,23.646
South Korea,KOR,2017,28.933
South Korea,KOR,2018,11.553
South Korea,KOR,2019,6.248
Spain,ESP,1990,7.692
Spain,ESP,1991,7.143
Spain,ESP,1992,586.667
Spain,ESP,1993,12.621
Spain,ESP,1994,50.862
Spain,ESP,1995,54.286
Spain,ESP,1996,34.815
Spain,ESP,1997,103.846
Spain,ESP,1998,82.21
Spain,ESP,1999,102.959
Spain,ESP,2000,72.267
Spain,ESP,2001,42.059
Spain,ESP,2002,37.324
Spain,ESP,2003,28.426
Spain,ESP,2004,29.193
Spain,ESP,2005,34.025
Spain,ESP,2006,9.324
Spain,ESP,2007,17.593
Spain,ESP,2008,18.766
Spain,ESP,2009,14.287
Spain,ESP,2010,14.587
Spain,ESP,2011,-3.45
Spain,ESP,2012,15.882
Spain,ESP,2013,12.046
Spain,ESP,2014,-7.29
Spain,ESP,2015,-5.732
Spain,ESP,2016,-1.42
Spain,ESP,2017,-0.155
Spain,ESP,2018,2.995
Spain,ESP,2019,9.956
Sri Lanka,LKA,2000,-2.857
Sri Lanka,LKA,2001,2.273
Sri Lanka,LKA,2002,2.357
Sri Lanka,LKA,2003,-6.152
Sri Lanka,LKA,2004,-21.06
Sri Lanka,LKA,2005,-11.65
Sri Lanka,LKA,2006,-4.76
Sri Lanka,LKA,2007,-0.625
Sri Lanka,LKA,2008,39.721
Sri Lanka,LKA,2009,7.344
Sri Lanka,LKA,2010,1408.957
Sri Lanka,LKA,2011,71.293
Sri Lanka,LKA,2012,59.264
Sri Lanka,LKA,2013,58.826
Sri Lanka,LKA,2014,15.449
Sri Lanka,LKA,2015,25.22
Sri Lanka,LKA,2016,-0.111
Sri Lanka,LKA,2017,5.736
Sri Lanka,LKA,2018,-0.585
Sri Lanka,LKA,2019,-0.369
Sweden,SWE,1984,66.667
Sweden,SWE,1985,20
Sweden,SWE,1986,0
Sweden,SWE,1987,0
Sweden,SWE,1988,-16.667
Sweden,SWE,1989,0
Sweden,SWE,1990,20
Sweden,SWE,1991,116.667
Sweden,SWE,1992,138.462
Sweden,SWE,1993,67.742
Sweden,SWE,1994,44.231
Sweden,SWE,1995,40
Sweden,SWE,1996,37.143
Sweden,SWE,1997,40.972
Sweden,SWE,1998,51.724
Sweden,SWE,1999,16.234
Sweden,SWE,2000,27.654
Sweden,SWE,2001,4.786
Sweden,SWE,2002,25.327
Sweden,SWE,2003,10.962
Sweden,SWE,2004,24.387
Sweden,SWE,2005,10.94
Sweden,SWE,2006,3.35
Sweden,SWE,2007,43.978
Sweden,SWE,2008,38.713
Sweden,SWE,2009,23.73
Sweden,SWE,2010,40.061
Sweden,SWE,2011,72.5
Sweden,SWE,2012,17.17
Sweden,SWE,2013,36.535
Sweden,SWE,2014,13.46
Sweden,SWE,2015,43.948
Sweden,SWE,2016,-5.413
Sweden,SWE,2017,13.091
Sweden,SWE,2018,-6.151
Sweden,SWE,2019,19.17
Switzerland,CHE,1997,100
Switzerland,CHE,1998,50
Switzerland,CHE,1999,0
Switzerland,CHE,2000,0
Switzerland,CHE,2001,32.468
Switzerland,CHE,2002,24.193
Switzerland,CHE,2003,-0.641
Switzerland,CHE,2004,19.235
Switzerland,CHE,2005,32.49
Switzerland,CHE,2006,86.321
Switzerland,CHE,2007,6
Switzerland,CHE,2008,18.012
Switzerland,CHE,2009,20.305
Switzerland,CHE,2010,59.883
Switzerland,CHE,2011,88.035
Switzerland,CHE,2012,24.952
Switzerland,CHE,2013,1.657
Switzerland,CHE,2014,11.55
Switzerland,CHE,2015,8.263
Switzerland,CHE,2016,-1.495
Switzerland,CHE,2017,21.301
Switzerland,CHE,2018,-8.807
Switzerland,CHE,2019,-0.369
Taiwan,TWN,2001,778.57
Taiwan,TWN,2002,29.016
Taiwan,TWN,2003,48.677
Taiwan,TWN,2004,5.598
Taiwan,TWN,2005,259.258
Taiwan,TWN,2006,200.479
Taiwan,TWN,2007,58.213
Taiwan,TWN,2008,33.007
Taiwan,TWN,2009,32.896
Taiwan,TWN,2010,29.671
Taiwan,TWN,2011,44.55
Taiwan,TWN,2012,-5.88
Taiwan,TWN,2013,15.328
Taiwan,TWN,2014,-9.055
Taiwan,TWN,2015,1.044
Taiwan,TWN,2016,-5.032
Taiwan,TWN,2017,17.516
Taiwan,TWN,2018,-2.693
Taiwan,TWN,2019,10.587
Thailand,THA,2007,198.882
Thailand,THA,2008,21.575
Thailand,THA,2009,106.188
Thailand,THA,2010,289.992
Thailand,THA,2011,26.644
Thailand,THA,2012,241.498
Thailand,THA,2013,1932.645
Thailand,THA,2014,12.048
Thailand,THA,2015,-17.665
Thailand,THA,2016,4.561
Thailand,THA,2017,219.558
Thailand,THA,2018,74.631
Thailand,THA,2019,36.13
Turkey,TUR,1999,272.727
Turkey,TUR,2000,62.927
Turkey,TUR,2001,85.613
Turkey,TUR,2002,-23.573
Turkey,TUR,2003,27.097
Turkey,TUR,2004,-6.625
Turkey,TUR,2005,1.606
Turkey,TUR,2006,119.795
Turkey,TUR,2007,167.361
Turkey,TUR,2008,139.602
Turkey,TUR,2009,75.563
Turkey,TUR,2010,93.834
Turkey,TUR,2011,60.988
Turkey,TUR,2012,23.314
Turkey,TUR,2013,28.173
Turkey,TUR,2014,12.062
Turkey,TUR,2015,35.951
Turkey,TUR,2016,32.378
Turkey,TUR,2017,14.702
Turkey,TUR,2018,10.773
Turkey,TUR,2019,8.395
Ukraine,UKR,1999,0
Ukraine,UKR,2000,100
Ukraine,UKR,2001,164.935
Ukraine,UKR,2002,36.613
Ukraine,UKR,2003,40.006
Ukraine,UKR,2004,5.774
Ukraine,UKR,2005,14.423
Ukraine,UKR,2006,-8.474
Ukraine,UKR,2007,27.768
Ukraine,UKR,2008,-0.621
Ukraine,UKR,2009,-5.034
Ukraine,UKR,2010,15.566
Ukraine,UKR,2011,77.909
Ukraine,UKR,2012,220.059
Ukraine,UKR,2013,120.247
Ukraine,UKR,2014,75.921
Ukraine,UKR,2015,-4.623
Ukraine,UKR,2016,-12.564
Ukraine,UKR,2017,2.497
Ukraine,UKR,2018,20.139
Ukraine,UKR,2019,58.038
United Arab Emirates,ARE,2014,98.803
United Arab Emirates,ARE,2015,-0.595
United Arab Emirates,ARE,2016,-50.296
United Arab Emirates,ARE,2017,-0.588
United Arab Emirates,ARE,2018,-0.585
United Arab Emirates,ARE,2019,-0.369
United Kingdom,GBR,1990,0
United Kingdom,GBR,1991,0
United Kingdom,GBR,1992,266.667
United Kingdom,GBR,1993,557.576
United Kingdom,GBR,1994,58.525
United Kingdom,GBR,1995,13.953
United Kingdom,GBR,1996,24.49
United Kingdom,GBR,1997,36.68
United Kingdom,GBR,1998,31.484
United Kingdom,GBR,1999,-3.079
United Kingdom,GBR,2000,11.294
United Kingdom,GBR,2001,1.346
United Kingdom,GBR,2002,29.625
United Kingdom,GBR,2003,1.648
United Kingdom,GBR,2004,49.585
United Kingdom,GBR,2005,49.23
United Kingdom,GBR,2006,44.552
United Kingdom,GBR,2007,23.722
United Kingdom,GBR,2008,33.739
United Kingdom,GBR,2009,29.961
United Kingdom,GBR,2010,10.145
United Kingdom,GBR,2011,54.25
United Kingdom,GBR,2012,23.579
United Kingdom,GBR,2013,42.218
United Kingdom,GBR,2014,11.87
United Kingdom,GBR,2015,25.269
United Kingdom,GBR,2016,-8.292
United Kingdom,GBR,2017,32.798
United Kingdom,GBR,2018,13.979
United Kingdom,GBR,2019,12.291
United States,USA,1984,143.253
United States,USA,1985,-11.217
United States,USA,1986,-27.3
United States,USA,1987,-15.469
United States,USA,1988,-75.402
United States,USA,1989,242384.843
United States,USA,1990,32.033
United States,USA,1991,5.822
United States,USA,1992,-2.149
United States,USA,1993,4.097
United States,USA,1994,14.681
United States,USA,1995,-8.206
United States,USA,1996,2.206
United States,USA,1997,1.669
United States,USA,1998,-7.979
United States,USA,1999,48.329
United States,USA,2000,24.627
United States,USA,2001,19.672
United States,USA,2002,52.694
United States,USA,2003,7.354
United States,USA,2004,25.62
United States,USA,2005,25.128
United States,USA,2006,48.35
United States,USA,2007,28.754
United States,USA,2008,59.708
United States,USA,2009,32.634
United States,USA,2010,27.32
United States,USA,2011,26.192
United States,USA,2012,16.469
United States,USA,2013,18.468
United States,USA,2014,7.583
United States,USA,2015,4.364
United States,USA,2016,18.315
United States,USA,2017,11.372
United States,USA,2018,6.588
United States,USA,2019,9.652
Venezuela,VEN,2016,-100
Vietnam,VNM,2009,578.143
Vietnam,VNM,2010,248.708
Vietnam,VNM,2011,-0.61
Vietnam,VNM,2012,-0.606
Vietnam,VNM,2013,68.268
Vietnam,VNM,2014,-0.599
Vietnam,VNM,2015,154.932
Vietnam,VNM,2016,18.03
Vietnam,VNM,2017,27.128
Vietnam,VNM,2018,14.956
Vietnam,VNM,2019,57.655
World,OWID_WRL,1979,100
World,OWID_WRL,1980,75
World,OWID_WRL,1981,0
World,OWID_WRL,1982,76.19
World,OWID_WRL,1983,77.27
World,OWID_WRL,1984,36.471
World,OWID_WRL,1985,43.491
World,OWID_WRL,1986,116.18
World,OWID_WRL,1987,40.73
World,OWID_WRL,1988,69.713
World,OWID_WRL,1989,699.137
World,OWID_WRL,1990,37.086
World,OWID_WRL,1991,12.505
World,OWID_WRL,1992,15.82
World,OWID_WRL,1993,20.374
World,OWID_WRL,1994,25.017
World,OWID_WRL,1995,15.991
World,OWID_WRL,1996,11.41
World,OWID_WRL,1997,30.563
World,OWID_WRL,1998,32.48
World,OWID_WRL,1999,33.257
World,OWID_WRL,2000,48.099
World,OWID_WRL,2001,21.389
World,OWID_WRL,2002,35.433
World,OWID_WRL,2003,19.456
World,OWID_WRL,2004,34.423
World,OWID_WRL,2005,21.511
World,OWID_WRL,2006,26.841
World,OWID_WRL,2007,27.702
World,OWID_WRL,2008,28.436
World,OWID_WRL,2009,24.337
World,OWID_WRL,2010,24.752
World,OWID_WRL,2011,26.385
World,OWID_WRL,2012,19.749
World,OWID_WRL,2013,19.043
World,OWID_WRL,2014,10.454
World,OWID_WRL,2015,17.007
World,OWID_WRL,2016,15.213
World,OWID_WRL,2017,17.689
World,OWID_WRL,2018,10.672
World,OWID_WRL,2019,12.139
