Entity,Code,Year,Solar (% growth)
Africa,,2001,23.688
Africa,,2002,18.248
Africa,,2003,17.515
Africa,,2004,18.486
Africa,,2005,17.152
Africa,,2006,24.788
Africa,,2007,30.359
Africa,,2008,39.998
Africa,,2009,29.834
Africa,,2010,116.508
Africa,,2011,110.468
Africa,,2012,20.985
Africa,,2013,48.67
Africa,,2014,120.822
Africa,,2015,95.178
Africa,,2016,36.554
Africa,,2017,40.566
Africa,,2018,40.214
Africa,,2019,96.001
Algeria,DZA,2011,97.893
Algeria,DZA,2012,46.594
Algeria,DZA,2013,6.379
Algeria,DZA,2014,108.534
Algeria,DZA,2015,-3.909
Algeria,DZA,2016,319.914
Algeria,DZA,2017,104.504
Algeria,DZA,2018,18.943
Algeria,DZA,2019,1.614
Argentina,ARG,1999,52.941
Argentina,ARG,2000,38.462
Argentina,ARG,2001,18.669
Argentina,ARG,2002,8.597
Argentina,ARG,2003,37.411
Argentina,ARG,2004,7.006
Argentina,ARG,2005,14.982
Argentina,ARG,2006,10.412
Argentina,ARG,2007,20.244
Argentina,ARG,2008,31.136
Argentina,ARG,2009,-47.381
Argentina,ARG,2010,12.196
Argentina,ARG,2011,1767.684
Argentina,ARG,2012,403.312
Argentina,ARG,2013,83.327
Argentina,ARG,2014,5.138
Argentina,ARG,2015,-8.457
Argentina,ARG,2016,-3.367
Argentina,ARG,2017,14.345
Argentina,ARG,2018,554.795
Argentina,ARG,2019,636.844
Australia,AUS,1992,122.018
Australia,AUS,1993,20.661
Australia,AUS,1994,19.178
Australia,AUS,1995,21.552
Australia,AUS,1996,21.04
Australia,AUS,1997,19.727
Australia,AUS,1998,16.15
Australia,AUS,1999,14.045
Australia,AUS,2000,15.148
Australia,AUS,2001,15.077
Australia,AUS,2002,6.969
Australia,AUS,2003,7.71
Australia,AUS,2004,14.692
Australia,AUS,2005,14.487
Australia,AUS,2006,15.273
Australia,AUS,2007,15.937
Australia,AUS,2008,21.614
Australia,AUS,2009,107.22
Australia,AUS,2010,234.772
Australia,AUS,2011,107.854
Australia,AUS,2012,17.257
Australia,AUS,2013,58.55
Australia,AUS,2014,27.94
Australia,AUS,2015,24.587
Australia,AUS,2016,19.723
Australia,AUS,2017,19.13
Australia,AUS,2018,36.283
Australia,AUS,2019,45.648
Austria,AUT,1994,0
Austria,AUT,1995,0
Austria,AUT,1996,0
Austria,AUT,1997,100
Austria,AUT,1998,0
Austria,AUT,1999,0
Austria,AUT,2000,50
Austria,AUT,2001,65.584
Austria,AUT,2002,78.839
Austria,AUT,2003,65.598
Austria,AUT,2004,19.236
Austria,AUT,2005,16.03
Austria,AUT,2006,5.841
Austria,AUT,2007,7.594
Austria,AUT,2008,23.494
Austria,AUT,2009,61.396
Austria,AUT,2010,80.455
Austria,AUT,2011,94.801
Austria,AUT,2012,92.703
Austria,AUT,2013,84.366
Austria,AUT,2014,24.693
Austria,AUT,2015,18.628
Austria,AUT,2016,16.266
Austria,AUT,2017,15.099
Austria,AUT,2018,12.629
Austria,AUT,2019,-6.333
Azerbaijan,AZE,2014,260.33
Azerbaijan,AZE,2015,57.676
Azerbaijan,AZE,2016,662.85
Azerbaijan,AZE,2017,4.763
Azerbaijan,AZE,2018,4.921
Azerbaijan,AZE,2019,11.153
Bangladesh,BGD,2003,794.23
Bangladesh,BGD,2004,109.766
Bangladesh,BGD,2005,77.815
Bangladesh,BGD,2006,57.825
Bangladesh,BGD,2007,65.625
Bangladesh,BGD,2008,67.84
Bangladesh,BGD,2009,64.113
Bangladesh,BGD,2010,75.411
Bangladesh,BGD,2011,31.025
Bangladesh,BGD,2012,54.707
Bangladesh,BGD,2013,41.675
Bangladesh,BGD,2014,28.082
Bangladesh,BGD,2015,18.126
Bangladesh,BGD,2016,6.548
Bangladesh,BGD,2017,28.246
Bangladesh,BGD,2018,7.932
Bangladesh,BGD,2019,40.722
Belarus,BLR,2014,397.007
Belarus,BLR,2015,347.32
Belarus,BLR,2016,187.18
Belarus,BLR,2017,240.294
Belarus,BLR,2018,31.809
Belarus,BLR,2019,1.116
Belgium,BEL,2005,-0.633
Belgium,BEL,2006,98.742
Belgium,BEL,2007,198.125
Belgium,BEL,2008,595.651
Belgium,BEL,2009,292.799
Belgium,BEL,2010,235.28
Belgium,BEL,2011,107.477
Belgium,BEL,2012,82.633
Belgium,BEL,2013,22.35
Belgium,BEL,2014,8.507
Belgium,BEL,2015,5.26
Belgium,BEL,2016,0.674
Belgium,BEL,2017,6.227
Belgium,BEL,2018,17.285
Belgium,BEL,2019,0.776
Brazil,BRA,2013,386.196
Brazil,BRA,2014,233.476
Brazil,BRA,2015,264.181
Brazil,BRA,2016,43.856
Brazil,BRA,2017,869.874
Brazil,BRA,2018,313.698
Brazil,BRA,2019,60.113
Bulgaria,BGR,2010,396.935
Bulgaria,BGR,2011,569.225
Bulgaria,BGR,2012,701.056
Bulgaria,BGR,2013,66.192
Bulgaria,BGR,2014,-8.56
Bulgaria,BGR,2015,9.806
Bulgaria,BGR,2016,-0.376
Bulgaria,BGR,2017,0.629
Bulgaria,BGR,2018,-4.85
Bulgaria,BGR,2019,35.835
Canada,CAN,1993,0
Canada,CAN,1994,0
Canada,CAN,1995,87.18
Canada,CAN,1996,53.425
Canada,CAN,1997,17.857
Canada,CAN,1998,45.455
Canada,CAN,1999,31.25
Canada,CAN,2000,23.809
Canada,CAN,2001,18.456
Canada,CAN,2002,15.38
Canada,CAN,2003,-0.411
Canada,CAN,2004,-37.812
Canada,CAN,2005,28.7
Canada,CAN,2006,22.02
Canada,CAN,2007,26.813
Canada,CAN,2008,20.158
Canada,CAN,2009,210.358
Canada,CAN,2010,131.144
Canada,CAN,2011,123.491
Canada,CAN,2012,53.195
Canada,CAN,2013,69.1
Canada,CAN,2014,40.586
Canada,CAN,2015,35.757
Canada,CAN,2016,12.344
Canada,CAN,2017,8.804
Canada,CAN,2018,7.004
Canada,CAN,2019,11.537
Chile,CHL,2013,1872.991
Chile,CHL,2014,6648.498
Chile,CHL,2015,194.739
Chile,CHL,2016,86.396
Chile,CHL,2017,51.868
Chile,CHL,2018,30.617
Chile,CHL,2019,22.628
China,CHN,1991,0
China,CHN,1992,50
China,CHN,1993,33.333
China,CHN,1994,25
China,CHN,1995,40
China,CHN,1996,28.571
China,CHN,1997,22.222
China,CHN,1998,27.273
China,CHN,1999,21.429
China,CHN,2000,29.412
China,CHN,2001,39.994
China,CHN,2002,53.84
China,CHN,2003,32.479
China,CHN,2004,17.994
China,CHN,2005,9.827
China,CHN,2006,12.384
China,CHN,2007,19.25
China,CHN,2008,32.505
China,CHN,2009,82.42
China,CHN,2010,149.713
China,CHN,2011,270.055
China,CHN,2012,36.886
China,CHN,2013,131.56
China,CHN,2014,179.098
China,CHN,2015,66.916
China,CHN,2016,67.511
China,CHN,2017,76.027
China,CHN,2018,49.292
China,CHN,2019,26.046
Colombia,COL,2001,44.491
Colombia,COL,2002,73.161
Colombia,COL,2003,36.822
Colombia,COL,2004,23.358
Colombia,COL,2005,19.105
Colombia,COL,2006,-100
Colombia,COL,2019,921.787
Croatia,HRV,2010,-0.614
Croatia,HRV,2011,-0.61
Croatia,HRV,2012,11974.129
Croatia,HRV,2013,461.295
Croatia,HRV,2014,208.045
Croatia,HRV,2015,61.888
Croatia,HRV,2016,15.104
Croatia,HRV,2017,18.541
Croatia,HRV,2018,-5.385
Croatia,HRV,2019,4.297
Cyprus,CYP,2005,40.605
Cyprus,CYP,2006,75.918
Cyprus,CYP,2007,71.873
Cyprus,CYP,2008,72.035
Cyprus,CYP,2009,32.51
Cyprus,CYP,2010,73.926
Cyprus,CYP,2011,70.383
Cyprus,CYP,2012,82.223
Cyprus,CYP,2013,112.35
Cyprus,CYP,2014,76.807
Cyprus,CYP,2015,50.604
Cyprus,CYP,2016,14.539
Cyprus,CYP,2017,17.179
Cyprus,CYP,2018,10.864
Cyprus,CYP,2019,12.002
Czechia,CZE,2005,-32.43
Czechia,CZE,2006,148.428
Czechia,CZE,2007,925.314
Czechia,CZE,2008,632.993
Czechia,CZE,2009,582.218
Czechia,CZE,2010,589.05
Czechia,CZE,2011,241.9
Czechia,CZE,2012,1.98
Czechia,CZE,2013,-5.309
Czechia,CZE,2014,1.932
Czechia,CZE,2015,6.002
Czechia,CZE,2016,-6.423
Czechia,CZE,2017,2.321
Czechia,CZE,2018,6.047
Czechia,CZE,2019,-2.829
Denmark,DNK,1997,98.276
Denmark,DNK,1998,25.218
Denmark,DNK,1999,120.139
Denmark,DNK,2000,36.278
Denmark,DNK,2001,-0.649
Denmark,DNK,2002,6.024
Denmark,DNK,2003,17.894
Denmark,DNK,2004,20.253
Denmark,DNK,2005,16.779
Denmark,DNK,2006,1.798
Denmark,DNK,2007,11.968
Denmark,DNK,2008,4.47
Denmark,DNK,2009,42.126
Denmark,DNK,2010,63.288
Denmark,DNK,2011,144.084
Denmark,DNK,2012,582.273
Denmark,DNK,2013,395.3
Denmark,DNK,2014,14.377
Denmark,DNK,2015,0.864
Denmark,DNK,2016,22.361
Denmark,DNK,2017,0.442
Denmark,DNK,2018,26.07
Denmark,DNK,2019,0.708
Ecuador,ECU,2006,19.303
Ecuador,ECU,2007,21.334
Ecuador,ECU,2008,46.026
Ecuador,ECU,2009,-70.66
Ecuador,ECU,2010,-100
Ecuador,ECU,2012,456.928
Ecuador,ECU,2013,1018.201
Ecuador,ECU,2014,347.209
Ecuador,ECU,2015,117.461
Ecuador,ECU,2016,6.843
Ecuador,ECU,2017,-3.858
Ecuador,ECU,2018,1.005
Ecuador,ECU,2019,335.508
Egypt,EGY,2001,347.078
Egypt,EGY,2002,10.394
Egypt,EGY,2003,-0.641
Egypt,EGY,2004,-0.637
Egypt,EGY,2005,-0.633
Egypt,EGY,2006,-0.629
Egypt,EGY,2007,19.25
Egypt,EGY,2008,24.224
Egypt,EGY,2009,45.761
Egypt,EGY,2010,1038.427
Egypt,EGY,2011,269.164
Egypt,EGY,2012,-38.304
Egypt,EGY,2013,1.109
Egypt,EGY,2014,-30.2
Egypt,EGY,2015,56.652
Egypt,EGY,2016,58.958
Egypt,EGY,2017,472.219
Egypt,EGY,2018,149.465
Egypt,EGY,2019,142.535
Estonia,EST,2010,-0.613
Estonia,EST,2011,98.78
Estonia,EST,2012,49.091
Estonia,EST,2013,363.855
Estonia,EST,2014,120.103
Estonia,EST,2015,89.19
Estonia,EST,2016,70.174
Estonia,EST,2017,24.802
Estonia,EST,2018,68.444
Estonia,EST,2019,234.186
Europe,,1985,0
Europe,,1986,0
Europe,,1987,-100
Europe,,1989,800.001
Europe,,1990,37.5
Europe,,1991,24
Europe,,1992,74.761
Europe,,1993,19.547
Europe,,1994,16.384
Europe,,1995,24.282
Europe,,1996,14.883
Europe,,1997,18.797
Europe,,1998,36.233
Europe,,1999,4.719
Europe,,2000,47.452
Europe,,2001,25.748
Europe,,2002,61.554
Europe,,2003,68.269
Europe,,2004,59.231
Europe,,2005,96.642
Europe,,2006,68.746
Europe,,2007,50.227
Europe,,2008,95.363
Europe,,2009,88.043
Europe,,2010,62.904
Europe,,2011,99.578
Europe,,2012,52.92
Europe,,2013,20.233
Europe,,2014,13.008
Europe,,2015,10.516
Europe,,2016,3.089
Europe,,2017,8.591
Europe,,2018,10.662
Europe,,2019,11.213
Finland,FIN,1991,0
Finland,FIN,1992,20
Finland,FIN,1993,16.667
Finland,FIN,1994,14.286
Finland,FIN,1995,0
Finland,FIN,1996,25
Finland,FIN,1997,20
Finland,FIN,1998,8.333
Finland,FIN,1999,7.692
Finland,FIN,2000,14.286
Finland,FIN,2001,5.56
Finland,FIN,2002,11.043
Finland,FIN,2003,9.818
Finland,FIN,2004,13.557
Finland,FIN,2005,7.648
Finland,FIN,2006,29.947
Finland,FIN,2007,11.066
Finland,FIN,2008,1.994
Finland,FIN,2009,9.576
Finland,FIN,2010,8.632
Finland,FIN,2011,12.078
Finland,FIN,2012,6.895
Finland,FIN,2013,13.348
Finland,FIN,2014,22.34
Finland,FIN,2015,40.41
Finland,FIN,2016,94.418
Finland,FIN,2017,118.166
Finland,FIN,2018,84.892
Finland,FIN,2019,96.722
France,FRA,1993,13.105
France,FRA,1994,11.616
France,FRA,1995,8.597
France,FRA,1996,29.917
France,FRA,1997,28.544
France,FRA,1998,20.01
France,FRA,1999,11.227
France,FRA,2000,14.86
France,FRA,2001,17.178
France,FRA,2002,14.562
France,FRA,2003,8.645
France,FRA,2004,8.071
France,FRA,2005,23.513
France,FRA,2006,12.67
France,FRA,2007,50.238
France,FRA,2008,131.884
France,FRA,2009,311.729
France,FRA,2010,254.136
France,FRA,2011,233.118
France,FRA,2012,92.091
France,FRA,2013,17.193
France,FRA,2014,24.131
France,FRA,2015,22.083
France,FRA,2016,11.701
France,FRA,2017,11.628
France,FRA,2018,11.954
France,FRA,2019,13.254
Germany,DEU,1991,0
Germany,DEU,1992,300
Germany,DEU,1993,-25
Germany,DEU,1994,133.333
Germany,DEU,1995,0
Germany,DEU,1996,71.429
Germany,DEU,1997,50
Germany,DEU,1998,94.444
Germany,DEU,1999,-14.286
Germany,DEU,2000,100
Germany,DEU,2001,25.844
Germany,DEU,2002,111.783
Germany,DEU,2003,91.971
Germany,DEU,2004,76.822
Germany,DEU,2005,128.705
Germany,DEU,2006,72.078
Germany,DEU,2007,37.648
Germany,DEU,2008,42.847
Germany,DEU,2009,48.017
Germany,DEU,2010,77.078
Germany,DEU,2011,66.08
Germany,DEU,2012,33.783
Germany,DEU,2013,16.843
Germany,DEU,2014,15.576
Germany,DEU,2015,6.766
Germany,DEU,2016,-2.204
Germany,DEU,2017,2.812
Germany,DEU,2018,15.521
Germany,DEU,2019,3.403
Greece,GRC,2005,-0.633
Greece,GRC,2006,-0.629
Greece,GRC,2007,-0.625
Greece,GRC,2008,396.894
Greece,GRC,2009,893.827
Greece,GRC,2010,214.061
Greece,GRC,2011,283.722
Greece,GRC,2012,176.022
Greece,GRC,2013,114.051
Greece,GRC,2014,3.325
Greece,GRC,2015,2.236
Greece,GRC,2016,0.173
Greece,GRC,2017,0.967
Greece,GRC,2018,-5.587
Greece,GRC,2019,4.075
Hong Kong,HKG,2011,96.224
Hong Kong,HKG,2012,22.84
Hong Kong,HKG,2013,29.427
Hong Kong,HKG,2014,-1.493
Hong Kong,HKG,2015,-7.09
Hong Kong,HKG,2016,-5.514
Hong Kong,HKG,2017,-13.18
Hong Kong,HKG,2018,-5.756
Hong Kong,HKG,2019,-3.772
Hungary,HUN,2009,-0.617
Hungary,HUN,2010,-0.613
Hungary,HUN,2011,-0.61
Hungary,HUN,2012,695.151
Hungary,HUN,2013,210.618
Hungary,HUN,2014,166.395
Hungary,HUN,2015,109.195
Hungary,HUN,2016,72.026
Hungary,HUN,2017,42.191
Hungary,HUN,2018,76.612
Hungary,HUN,2019,122.403
India,IND,1996,500.001
India,IND,1997,0
India,IND,1998,0
India,IND,1999,0
India,IND,2000,16.667
India,IND,2001,56.123
India,IND,2002,17.419
India,IND,2003,22.288
India,IND,2004,11.784
India,IND,2005,-0.633
India,IND,2006,-60.649
India,IND,2007,714.324
India,IND,2008,6.116
India,IND,2009,18.313
India,IND,2010,49.742
India,IND,2011,627.396
India,IND,2012,152.271
India,IND,2013,62.569
India,IND,2014,42.138
India,IND,2015,32.966
India,IND,2016,74.946
India,IND,2017,85.34
India,IND,2018,67.647
India,IND,2019,26.88
Indonesia,IDN,2009,-0.617
Indonesia,IDN,2010,416.81
Indonesia,IDN,2011,47.174
Indonesia,IDN,2012,288.54
Indonesia,IDN,2013,81.624
Indonesia,IDN,2014,23.077
Indonesia,IDN,2015,-22.928
Indonesia,IDN,2016,297.068
Indonesia,IDN,2017,36.933
Indonesia,IDN,2018,-31.59
Indonesia,IDN,2019,216.881
Iran,IRN,2007,-0.625
Iran,IRN,2008,98.758
Iran,IRN,2009,49.074
Iran,IRN,2010,131.902
Iran,IRN,2011,-0.61
Iran,IRN,2012,-0.606
Iran,IRN,2013,-0.602
Iran,IRN,2014,-0.599
Iran,IRN,2015,113.01
Iran,IRN,2016,231.361
Iran,IRN,2017,1606.004
Iran,IRN,2018,54.329
Iran,IRN,2019,27.707
Iraq,IRQ,2014,23.017
Iraq,IRQ,2015,-0.587
Iraq,IRQ,2016,-0.592
Iraq,IRQ,2017,-0.588
Iraq,IRQ,2018,-0.585
Iraq,IRQ,2019,-0.369
Ireland,IRL,2010,11.539
Ireland,IRL,2011,13.163
Ireland,IRL,2012,18.435
Ireland,IRL,2013,7.636
Ireland,IRL,2014,34.467
Ireland,IRL,2015,69.835
Ireland,IRL,2016,228.527
Ireland,IRL,2017,100.977
Ireland,IRL,2018,53.306
Ireland,IRL,2019,48.858
Israel,ISR,2010,189.877
Israel,ISR,2011,172.613
Israel,ISR,2012,91.023
Israel,ISR,2013,33.096
Israel,ISR,2014,69.069
Israel,ISR,2015,37.232
Israel,ISR,2016,30.691
Israel,ISR,2017,-1.546
Israel,ISR,2018,3.575
Israel,ISR,2019,72.156
Italy,ITA,1990,98
Italy,ITA,1991,25
Italy,ITA,1992,80
Italy,ITA,1993,22.222
Italy,ITA,1994,0
Italy,ITA,1995,18.182
Italy,ITA,1996,7.692
Italy,ITA,1997,7.143
Italy,ITA,1998,6.667
Italy,ITA,1999,6.25
Italy,ITA,2000,5.882
Italy,ITA,2001,4.87
Italy,ITA,2002,9.813
Italy,ITA,2003,13.553
Italy,ITA,2004,20.063
Italy,ITA,2005,6.22
Italy,ITA,2006,12.193
Italy,ITA,2007,10.732
Italy,ITA,2008,391.797
Italy,ITA,2009,248.612
Italy,ITA,2010,179.765
Italy,ITA,2011,463.041
Italy,ITA,2012,73.656
Italy,ITA,2013,13.768
Italy,ITA,2014,2.706
Italy,ITA,2015,2.238
Italy,ITA,2016,-4.222
Italy,ITA,2017,9.636
Italy,ITA,2018,-7.615
Italy,ITA,2019,6.986
Japan,JPN,1991,0
Japan,JPN,1992,950
Japan,JPN,1993,114.286
Japan,JPN,1994,28.889
Japan,JPN,1995,36.207
Japan,JPN,1996,37.975
Japan,JPN,1997,76.702
Japan,JPN,1998,48.746
Japan,JPN,1999,52.203
Japan,JPN,2000,57.808
Japan,JPN,2001,44.304
Japan,JPN,2002,38.1
Japan,JPN,2003,36.454
Japan,JPN,2004,32.451
Japan,JPN,2005,27.378
Japan,JPN,2006,21.655
Japan,JPN,2007,15.152
Japan,JPN,2008,11.477
Japan,JPN,2009,16.683
Japan,JPN,2010,29.927
Japan,JPN,2011,35.782
Japan,JPN,2012,34.713
Japan,JPN,2013,74.053
Japan,JPN,2014,81.327
Japan,JPN,2015,45.806
Japan,JPN,2016,24.693
Japan,JPN,2017,24.459
Japan,JPN,2018,21.068
Japan,JPN,2019,13.536
Kazakhstan,KAZ,2013,3626.941
Kazakhstan,KAZ,2014,56.411
Kazakhstan,KAZ,2015,3604.298
Kazakhstan,KAZ,2016,90.336
Kazakhstan,KAZ,2017,4.182
Kazakhstan,KAZ,2018,51.586
Kazakhstan,KAZ,2019,105.008
Kuwait,KWT,2014,1690.315
Kuwait,KWT,2015,54.353
Kuwait,KWT,2016,853.343
Kuwait,KWT,2017,-0.588
Kuwait,KWT,2018,33.766
Kuwait,KWT,2019,115.932
Latvia,LVA,2012,-0.606
Latvia,LVA,2013,-0.603
Latvia,LVA,2014,-0.598
Latvia,LVA,2015,-0.595
Latvia,LVA,2016,89.869
Latvia,LVA,2017,14.506
Latvia,LVA,2018,187.626
Latvia,LVA,2019,-100
Lithuania,LTU,2012,2186.063
Lithuania,LTU,2013,1836.091
Lithuania,LTU,2014,61.97
Lithuania,LTU,2015,-0.187
Lithuania,LTU,2016,-9.814
Lithuania,LTU,2017,-0.588
Lithuania,LTU,2018,19.597
Lithuania,LTU,2019,12.085
Luxembourg,LUX,2001,14.253
Luxembourg,LUX,2002,27.433
Luxembourg,LUX,2003,2255.994
Luxembourg,LUX,2004,553.351
Luxembourg,LUX,2005,91.172
Luxembourg,LUX,2006,18.551
Luxembourg,LUX,2007,-1.627
Luxembourg,LUX,2008,-4.758
Luxembourg,LUX,2009,0.796
Luxembourg,LUX,2010,3.457
Luxembourg,LUX,2011,20.99
Luxembourg,LUX,2012,47.782
Luxembourg,LUX,2013,91.483
Luxembourg,LUX,2014,27.714
Luxembourg,LUX,2015,8.827
Luxembourg,LUX,2016,-3.882
Luxembourg,LUX,2017,7.515
Luxembourg,LUX,2018,9.738
Luxembourg,LUX,2019,0.284
Malaysia,MYS,2013,1902.151
Malaysia,MYS,2014,60.029
Malaysia,MYS,2015,19.548
Malaysia,MYS,2016,12.881
Malaysia,MYS,2017,5.825
Malaysia,MYS,2018,45.311
Malaysia,MYS,2019,63.944
Mexico,MEX,1991,100
Mexico,MEX,1992,50
Mexico,MEX,1993,33.333
Mexico,MEX,1994,25
Mexico,MEX,1995,0
Mexico,MEX,1996,20
Mexico,MEX,1997,0
Mexico,MEX,1998,16.667
Mexico,MEX,1999,0
Mexico,MEX,2000,0
Mexico,MEX,2001,13.544
Mexico,MEX,2002,-0.645
Mexico,MEX,2003,-0.641
Mexico,MEX,2004,11.783
Mexico,MEX,2005,-0.633
Mexico,MEX,2006,10.412
Mexico,MEX,2007,-10.562
Mexico,MEX,2008,109.8
Mexico,MEX,2009,41.228
Mexico,MEX,2010,14.111
Mexico,MEX,2011,31.451
Mexico,MEX,2012,67.273
Mexico,MEX,2013,52.698
Mexico,MEX,2014,107.242
Mexico,MEX,2015,10.65
Mexico,MEX,2016,1.944
Mexico,MEX,2017,367.554
Mexico,MEX,2018,166.446
Mexico,MEX,2019,289.731
Morocco,MAR,2003,-0.641
Morocco,MAR,2004,-0.637
Morocco,MAR,2005,-0.633
Morocco,MAR,2006,-0.629
Morocco,MAR,2007,-0.625
Morocco,MAR,2008,-0.621
Morocco,MAR,2009,-0.617
Morocco,MAR,2010,-0.613
Morocco,MAR,2011,-0.61
Morocco,MAR,2012,-0.338
Morocco,MAR,2013,-0.87
Morocco,MAR,2014,-0.599
Morocco,MAR,2015,5509.408
Morocco,MAR,2016,6902.183
Morocco,MAR,2017,2.829
Morocco,MAR,2018,127.45
Morocco,MAR,2019,65.829
Netherlands,NLD,1993,0
Netherlands,NLD,1994,-99
Netherlands,NLD,1995,9900
Netherlands,NLD,1996,100
Netherlands,NLD,1997,0
Netherlands,NLD,1998,75
Netherlands,NLD,1999,50.571
Netherlands,NLD,2000,46.3
Netherlands,NLD,2001,68.291
Netherlands,NLD,2002,29.633
Netherlands,NLD,2003,79.243
Netherlands,NLD,2004,7.121
Netherlands,NLD,2005,2.542
Netherlands,NLD,2006,2.346
Netherlands,NLD,2007,0.755
Netherlands,NLD,2008,8.22
Netherlands,NLD,2009,13.579
Netherlands,NLD,2010,32.93
Netherlands,NLD,2011,67.775
Netherlands,NLD,2012,151.35
Netherlands,NLD,2013,102.083
Netherlands,NLD,2014,51.204
Netherlands,NLD,2015,42.06
Netherlands,NLD,2016,38.224
Netherlands,NLD,2017,40.525
Netherlands,NLD,2018,66.557
Netherlands,NLD,2019,39.995
New Zealand,NZL,2008,0.83
New Zealand,NZL,2009,3.244
New Zealand,NZL,2010,5.994
New Zealand,NZL,2011,7.135
New Zealand,NZL,2012,16.159
New Zealand,NZL,2013,42.498
New Zealand,NZL,2014,165.584
New Zealand,NZL,2015,95.25
New Zealand,NZL,2016,54.87
New Zealand,NZL,2017,34.222
New Zealand,NZL,2018,29.412
New Zealand,NZL,2019,27.236
North America,,1984,76.7
North America,,1985,102.554
North America,,1986,32.003
North America,,1987,-25.192
North America,,1988,-13.365
North America,,1989,2655.673
North America,,1990,46.878
North America,,1991,29.171
North America,,1992,-13.817
North America,,1993,16.264
North America,,1994,5.759
North America,,1995,2.827
North America,,1996,5.718
North America,,1997,-1.372
North America,,1998,-0.711
North America,,1999,-0.583
North America,,2000,0.618
North America,,2001,10.35
North America,,2002,4.373
North America,,2003,0.79
North America,,2004,11.748
North America,,2005,6.94
North America,,2006,9.706
North America,,2007,31.403
North America,,2008,47.931
North America,,2009,30.321
North America,,2010,48.174
North America,,2011,61.264
North America,,2012,85.49
North America,,2013,75.61
North America,,2014,77.778
North America,,2015,34.087
North America,,2016,37.654
North America,,2017,39.688
North America,,2018,21.642
North America,,2019,23
North Macedonia,MKD,2011,4384.018
North Macedonia,MKD,2012,140.309
North Macedonia,MKD,2013,217.224
North Macedonia,MKD,2014,57.948
North Macedonia,MKD,2015,56.205
North Macedonia,MKD,2016,4.247
North Macedonia,MKD,2017,-0.374
North Macedonia,MKD,2018,-4.615
North Macedonia,MKD,2019,1.55
Norway,NOR,2001,-0.649
Norway,NOR,2002,-0.645
Norway,NOR,2003,16.231
Norway,NOR,2004,-0.637
Norway,NOR,2005,-0.633
Norway,NOR,2006,13.796
Norway,NOR,2007,-0.625
Norway,NOR,2008,3.578
Norway,NOR,2009,3.412
Norway,NOR,2010,4.55
Norway,NOR,2011,4.298
Norway,NOR,2012,4.071
Norway,NOR,2013,9.449
Norway,NOR,2014,17.658
Norway,NOR,2015,14.83
Norway,NOR,2016,76.56
Norway,NOR,2017,70.227
Norway,NOR,2018,107.735
Norway,NOR,2019,31.677
Oman,OMN,2014,-0.599
Oman,OMN,2015,206.498
Oman,OMN,2016,-0.081
Oman,OMN,2017,-0.588
Oman,OMN,2018,0.384
Oman,OMN,2019,-0.369
Pakistan,PAK,2008,679.285
Pakistan,PAK,2009,234.288
Pakistan,PAK,2010,150.481
Pakistan,PAK,2011,98.588
Pakistan,PAK,2012,143.818
Pakistan,PAK,2013,118.587
Pakistan,PAK,2014,63.421
Pakistan,PAK,2015,53.594
Pakistan,PAK,2016,78.22
Pakistan,PAK,2017,34.117
Pakistan,PAK,2018,14.097
Pakistan,PAK,2019,13.269
Peru,PER,2013,227.829
Peru,PER,2014,0.613
Peru,PER,2015,14.844
Peru,PER,2016,4.401
Peru,PER,2017,18.068
Peru,PER,2018,158.022
Peru,PER,2019,1.813
Philippines,PHL,2006,-9.865
Philippines,PHL,2007,-5.464
Philippines,PHL,2008,-1.001
Philippines,PHL,2009,-4.58
Philippines,PHL,2010,-0.454
Philippines,PHL,2011,-3.939
Philippines,PHL,2012,8.251
Philippines,PHL,2013,6.476
Philippines,PHL,2014,1061.102
Philippines,PHL,2015,733.746
Philippines,PHL,2016,687.189
Philippines,PHL,2017,8.849
Philippines,PHL,2018,3.385
Philippines,PHL,2019,6.17
Poland,POL,2012,446.668
Poland,POL,2013,35.542
Poland,POL,2014,363.872
Poland,POL,2015,709.439
Poland,POL,2016,116.257
Poland,POL,2017,32.282
Poland,POL,2018,80.755
Poland,POL,2019,136.79
Portugal,PRT,1990,-100
Portugal,PRT,1997,0
Portugal,PRT,1998,-20
Portugal,PRT,1999,37.5
Portugal,PRT,2000,27.273
Portugal,PRT,2001,13.544
Portugal,PRT,2002,11.774
Portugal,PRT,2003,43.519
Portugal,PRT,2004,10.828
Portugal,PRT,2005,30.205
Portugal,PRT,2006,30.751
Portugal,PRT,2007,377
Portugal,PRT,2008,69.772
Portugal,PRT,2009,287.835
Portugal,PRT,2010,33.551
Portugal,PRT,2011,30.363
Portugal,PRT,2012,38.517
Portugal,PRT,2013,21.184
Portugal,PRT,2014,30.142
Portugal,PRT,2015,26.159
Portugal,PRT,2016,2.635
Portugal,PRT,2017,19.971
Portugal,PRT,2018,0.718
Portugal,PRT,2019,26.398
Qatar,QAT,2012,-0.606
Qatar,QAT,2013,240.804
Qatar,QAT,2014,72.408
Qatar,QAT,2015,-0.595
Qatar,QAT,2016,27.797
Qatar,QAT,2017,-0.588
Qatar,QAT,2018,-0.585
Qatar,QAT,2019,-0.369
Romania,ROU,2010,98.773
Romania,ROU,2011,-50.802
Romania,ROU,2012,695.151
Romania,ROU,2013,5118.374
Romania,ROU,2014,206.558
Romania,ROU,2015,52.104
Romania,ROU,2016,-8.717
Romania,ROU,2017,1.378
Romania,ROU,2018,-5.138
Romania,ROU,2019,-2.45
Russia,RUS,2012,248.833
Russia,RUS,2013,154.895
Russia,RUS,2014,1372.61
Russia,RUS,2015,108.502
Russia,RUS,2016,38.715
Russia,RUS,2017,15.482
Russia,RUS,2018,14.119
Russia,RUS,2019,57.163
Saudi Arabia,SAU,2009,-0.617
Saudi Arabia,SAU,2010,567.309
Saudi Arabia,SAU,2011,20.537
Saudi Arabia,SAU,2012,372.557
Saudi Arabia,SAU,2013,64.684
Saudi Arabia,SAU,2014,7.371
Saudi Arabia,SAU,2015,204.363
Saudi Arabia,SAU,2016,-0.592
Saudi Arabia,SAU,2017,19.495
Saudi Arabia,SAU,2018,143.964
Saudi Arabia,SAU,2019,365.628
Singapore,SGP,2009,434.056
Singapore,SGP,2010,92.172
Singapore,SGP,2011,57.653
Singapore,SGP,2012,66.36
Singapore,SGP,2013,52.329
Singapore,SGP,2014,114.802
Singapore,SGP,2015,78.538
Singapore,SGP,2016,80.505
Singapore,SGP,2017,37.942
Singapore,SGP,2018,9.436
Singapore,SGP,2019,43.458
Slovakia,SVK,2011,2221.048
Slovakia,SVK,2012,6.154
Slovakia,SVK,2013,37.844
Slovakia,SVK,2014,0.923
Slovakia,SVK,2015,-15.747
Slovakia,SVK,2016,4.713
Slovakia,SVK,2017,-5.624
Slovakia,SVK,2018,14.937
Slovakia,SVK,2019,0.313
Slovenia,SVN,2009,297.531
Slovenia,SVN,2010,223.007
Slovenia,SVN,2011,404.595
Slovenia,SVN,2012,145.473
Slovenia,SVN,2013,31.107
Slovenia,SVN,2014,18.819
Slovenia,SVN,2015,5.98
Slovenia,SVN,2016,-3.131
Slovenia,SVN,2017,5.692
Slovenia,SVN,2018,-10.708
Slovenia,SVN,2019,4.788
South Africa,ZAF,2001,15.375
South Africa,ZAF,2002,14.074
South Africa,ZAF,2003,11.378
South Africa,ZAF,2004,10.801
South Africa,ZAF,2005,8.983
South Africa,ZAF,2006,8.724
South Africa,ZAF,2007,7.389
South Africa,ZAF,2008,7.29
South Africa,ZAF,2009,6.711
South Africa,ZAF,2010,17.728
South Africa,ZAF,2011,189.168
South Africa,ZAF,2012,6.449
South Africa,ZAF,2013,180.856
South Africa,ZAF,2014,359.373
South Africa,ZAF,2015,143.334
South Africa,ZAF,2016,18.393
South Africa,ZAF,2017,29.844
South Africa,ZAF,2018,14.736
South Africa,ZAF,2019,6.205
South Korea,KOR,1991,0
South Korea,KOR,1992,100
South Korea,KOR,1993,0
South Korea,KOR,1994,0
South Korea,KOR,1995,0
South Korea,KOR,1996,50
South Korea,KOR,1997,0
South Korea,KOR,1998,33.333
South Korea,KOR,1999,14.3
South Korea,KOR,2000,15.573
South Korea,KOR,2001,16.273
South Korea,KOR,2002,13.172
South Korea,KOR,2003,9.346
South Korea,KOR,2004,26.537
South Korea,KOR,2005,44.934
South Korea,KOR,2006,114.091
South Korea,KOR,2007,157.437
South Korea,KOR,2008,291.41
South Korea,KOR,2009,85.956
South Korea,KOR,2010,36.22
South Korea,KOR,2011,22.836
South Korea,KOR,2012,17.18
South Korea,KOR,2013,45.627
South Korea,KOR,2014,56.523
South Korea,KOR,2015,54.276
South Korea,KOR,2016,26.952
South Korea,KOR,2017,37.822
South Korea,KOR,2018,28.099
South Korea,KOR,2019,25.123
Spain,ESP,1990,-1
Spain,ESP,1991,16.667
Spain,ESP,1992,14.286
Spain,ESP,1993,12.5
Spain,ESP,1994,11.111
Spain,ESP,1995,50
Spain,ESP,1996,-20
Spain,ESP,1997,8.333
Spain,ESP,1998,15.385
Spain,ESP,1999,13.333
Spain,ESP,2000,5.882
Spain,ESP,2001,32.468
Spain,ESP,2002,24.193
Spain,ESP,2003,35.79
Spain,ESP,2004,35.715
Spain,ESP,2005,-27.249
Spain,ESP,2006,188.419
Spain,ESP,2007,324.223
Spain,ESP,2008,404.328
Spain,ESP,2009,133.882
Spain,ESP,2010,15.727
Spain,ESP,2011,22.113
Spain,ESP,2012,37.028
Spain,ESP,2013,8.909
Spain,ESP,2014,3.663
Spain,ESP,2015,0.753
Spain,ESP,2016,-2.146
Spain,ESP,2017,4.36
Spain,ESP,2018,-11.53
Spain,ESP,2019,17.595
Sri Lanka,LKA,2001,107.693
Sri Lanka,LKA,2002,65.146
Sri Lanka,LKA,2003,59.121
Sri Lanka,LKA,2004,46.279
Sri Lanka,LKA,2005,29.586
Sri Lanka,LKA,2006,15.981
Sri Lanka,LKA,2007,10.253
Sri Lanka,LKA,2008,6.008
Sri Lanka,LKA,2009,5.816
Sri Lanka,LKA,2010,5.356
Sri Lanka,LKA,2011,20.367
Sri Lanka,LKA,2012,14.15
Sri Lanka,LKA,2013,42.853
Sri Lanka,LKA,2014,94.088
Sri Lanka,LKA,2015,72.447
Sri Lanka,LKA,2016,69.292
Sri Lanka,LKA,2017,169.12
Sri Lanka,LKA,2018,40.413
Sri Lanka,LKA,2019,15.808
Sweden,SWE,1994,0
Sweden,SWE,1995,0
Sweden,SWE,1996,0
Sweden,SWE,1997,0
Sweden,SWE,1998,0
Sweden,SWE,1999,0
Sweden,SWE,2000,0
Sweden,SWE,2001,98.701
Sweden,SWE,2002,-0.645
Sweden,SWE,2003,-0.641
Sweden,SWE,2004,-0.637
Sweden,SWE,2005,-0.633
Sweden,SWE,2006,-0.629
Sweden,SWE,2007,49.062
Sweden,SWE,2008,32.505
Sweden,SWE,2009,73.92
Sweden,SWE,2010,27.783
Sweden,SWE,2011,43.563
Sweden,SWE,2012,45.269
Sweden,SWE,2013,83.1
Sweden,SWE,2014,33.482
Sweden,SWE,2015,105.154
Sweden,SWE,2016,46.55
Sweden,SWE,2017,59.893
Sweden,SWE,2018,69.006
Sweden,SWE,2019,49.508
Switzerland,CHE,1991,100
Switzerland,CHE,1992,50
Switzerland,CHE,1993,33.333
Switzerland,CHE,1994,25
Switzerland,CHE,1995,20
Switzerland,CHE,1996,16.667
Switzerland,CHE,1997,0
Switzerland,CHE,1998,14.286
Switzerland,CHE,1999,25
Switzerland,CHE,2000,10
Switzerland,CHE,2001,17.415
Switzerland,CHE,2002,14.64
Switzerland,CHE,2003,19.23
Switzerland,CHE,2004,-0.637
Switzerland,CHE,2005,15.928
Switzerland,CHE,2006,13.567
Switzerland,CHE,2007,20.079
Switzerland,CHE,2008,26.794
Switzerland,CHE,2009,45.045
Switzerland,CHE,2010,73.006
Switzerland,CHE,2011,77.634
Switzerland,CHE,2012,76.898
Switzerland,CHE,2013,66.217
Switzerland,CHE,2014,67.392
Switzerland,CHE,2015,32.107
Switzerland,CHE,2016,18.419
Switzerland,CHE,2017,25.514
Switzerland,CHE,2018,14.833
Switzerland,CHE,2019,15.831
Taiwan,TWN,2001,118.572
Taiwan,TWN,2002,30.968
Taiwan,TWN,2003,31.622
Taiwan,TWN,2004,25.874
Taiwan,TWN,2005,63.343
Taiwan,TWN,2006,50.816
Taiwan,TWN,2007,48.688
Taiwan,TWN,2008,108.305
Taiwan,TWN,2009,100.327
Taiwan,TWN,2010,176.095
Taiwan,TWN,2011,172.941
Taiwan,TWN,2012,144.824
Taiwan,TWN,2013,94.028
Taiwan,TWN,2014,62.32
Taiwan,TWN,2015,57.747
Taiwan,TWN,2016,28.556
Taiwan,TWN,2017,48.525
Taiwan,TWN,2018,61.004
Taiwan,TWN,2019,50.711
Thailand,THA,2007,5.586
Thailand,THA,2008,-0.314
Thailand,THA,2009,13.492
Thailand,THA,2010,30.546
Thailand,THA,2011,60.947
Thailand,THA,2012,424.623
Thailand,THA,2013,150.745
Thailand,THA,2014,52.838
Thailand,THA,2015,22.259
Thailand,THA,2016,41.17
Thailand,THA,2017,33.736
Thailand,THA,2018,9.171
Thailand,THA,2019,0.135
Trinidad and Tobago,TTO,2001,396.754
Trinidad and Tobago,TTO,2002,50.988
Trinidad and Tobago,TTO,2003,54.238
Trinidad and Tobago,TTO,2004,44.269
Trinidad and Tobago,TTO,2005,6.859
Trinidad and Tobago,TTO,2006,14.113
Trinidad and Tobago,TTO,2007,6.59
Trinidad and Tobago,TTO,2008,7.968
Trinidad and Tobago,TTO,2009,12.242
Trinidad and Tobago,TTO,2010,12.573
Trinidad and Tobago,TTO,2011,-0.61
Trinidad and Tobago,TTO,2012,-0.606
Trinidad and Tobago,TTO,2013,-0.603
Trinidad and Tobago,TTO,2014,11.417
Trinidad and Tobago,TTO,2015,14.09
Trinidad and Tobago,TTO,2016,-0.592
Trinidad and Tobago,TTO,2017,-0.588
Trinidad and Tobago,TTO,2018,-9.868
Trinidad and Tobago,TTO,2019,-0.369
Turkey,TUR,2011,18.504
Turkey,TUR,2012,47.892
Turkey,TUR,2013,58.386
Turkey,TUR,2014,154.927
Turkey,TUR,2015,1008.993
Turkey,TUR,2016,434.168
Turkey,TUR,2017,175.362
Turkey,TUR,2018,168.376
Turkey,TUR,2019,39.482
Turkmenistan,TKM,2011,184.617
Turkmenistan,TKM,2012,113.571
Turkmenistan,TKM,2013,87.238
Turkmenistan,TKM,2014,67.617
Turkmenistan,TKM,2015,66.445
Turkmenistan,TKM,2016,32.908
Turkmenistan,TKM,2017,-0.86
Turkmenistan,TKM,2018,-0.585
Turkmenistan,TKM,2019,-0.369
Ukraine,UKR,2012,1000.598
Ukraine,UKR,2013,69.987
Ukraine,UKR,2014,-25.188
Ukraine,UKR,2015,10.411
Ukraine,UKR,2016,2.392
Ukraine,UKR,2017,46.181
Ukraine,UKR,2018,52.56
Ukraine,UKR,2019,161.861
United Arab Emirates,ARE,2010,188.18
United Arab Emirates,ARE,2011,11.647
United Arab Emirates,ARE,2012,16.423
United Arab Emirates,ARE,2013,250.254
United Arab Emirates,ARE,2014,258.901
United Arab Emirates,ARE,2015,-0.343
United Arab Emirates,ARE,2016,8.991
United Arab Emirates,ARE,2017,130.266
United Arab Emirates,ARE,2018,66.363
United Arab Emirates,ARE,2019,216.076
United Kingdom,GBR,1985,0
United Kingdom,GBR,1986,0
United Kingdom,GBR,1987,-100
United Kingdom,GBR,1989,-100
United Kingdom,GBR,2000,0
United Kingdom,GBR,2001,98.701
United Kingdom,GBR,2002,49.032
United Kingdom,GBR,2003,-0.641
United Kingdom,GBR,2004,32.484
United Kingdom,GBR,2005,98.734
United Kingdom,GBR,2006,36.635
United Kingdom,GBR,2007,26.477
United Kingdom,GBR,2008,20.675
United Kingdom,GBR,2009,16.922
United Kingdom,GBR,2010,100.148
United Kingdom,GBR,2011,501.279
United Kingdom,GBR,2012,452.22
United Kingdom,GBR,2013,47.6
United Kingdom,GBR,2014,100.461
United Kingdom,GBR,2015,84.704
United Kingdom,GBR,2016,37.349
United Kingdom,GBR,2017,9.608
United Kingdom,GBR,2018,11.387
United Kingdom,GBR,2019,-1.769
United States,USA,1984,76.7
United States,USA,1985,102.554
United States,USA,1986,32.003
United States,USA,1987,-25.192
United States,USA,1988,-13.365
United States,USA,1989,2655.673
United States,USA,1990,46.483
United States,USA,1991,28.98
United States,USA,1992,-14.513
United States,USA,1993,16.221
United States,USA,1994,5.621
United States,USA,1995,2.51
United States,USA,1996,5.223
United States,USA,1997,-1.597
United States,USA,1998,-1.509
United States,USA,1999,-1.204
United States,USA,2000,0.033
United States,USA,2001,10.05
United States,USA,2002,4.068
United States,USA,2003,0.855
United States,USA,2004,13.597
United States,USA,2005,6.593
United States,USA,2006,9.393
United States,USA,2007,32.038
United States,USA,2008,48.156
United States,USA,2009,26.336
United States,USA,2010,44.249
United States,USA,2011,56.321
United States,USA,2012,89.543
United States,USA,2013,76.42
United States,USA,2014,81.058
United States,USA,2015,34.144
United States,USA,2016,39.735
United States,USA,2017,40.018
United States,USA,2018,20.112
United States,USA,2019,14.475
Uzbekistan,UZB,2017,131.96
Uzbekistan,UZB,2018,131.968
Uzbekistan,UZB,2019,132.474
Venezuela,VEN,2011,20.399
Venezuela,VEN,2012,74.106
Venezuela,VEN,2013,1.822
Venezuela,VEN,2014,25.435
Venezuela,VEN,2015,29.414
Venezuela,VEN,2016,13.56
Venezuela,VEN,2017,-0.86
Venezuela,VEN,2018,-11.631
Venezuela,VEN,2019,32.51
Vietnam,VNM,2011,-0.61
Vietnam,VNM,2012,-0.606
Vietnam,VNM,2013,-0.602
Vietnam,VNM,2014,12.433
Vietnam,VNM,2015,-0.595
Vietnam,VNM,2016,-0.592
Vietnam,VNM,2017,39.689
Vietnam,VNM,2018,1104.029
Vietnam,VNM,2019,3570.161
World,OWID_WRL,1984,110.37
World,OWID_WRL,1985,86.14
World,OWID_WRL,1986,29.251
World,OWID_WRL,1987,-30.169
World,OWID_WRL,1988,-3.839
World,OWID_WRL,1989,2471.824
World,OWID_WRL,1990,48.078
World,OWID_WRL,1991,30.108
World,OWID_WRL,1992,-7.248
World,OWID_WRL,1993,18.804
World,OWID_WRL,1994,7.781
World,OWID_WRL,1995,6.8
World,OWID_WRL,1996,10.049
World,OWID_WRL,1997,7.285
World,OWID_WRL,1998,9.94
World,OWID_WRL,1999,10.148
World,OWID_WRL,2000,22.27
World,OWID_WRL,2001,24.236
World,OWID_WRL,2002,25.107
World,OWID_WRL,2003,27.213
World,OWID_WRL,2004,30.886
World,OWID_WRL,2005,39.142
World,OWID_WRL,2006,36.481
World,OWID_WRL,2007,34.968
World,OWID_WRL,2008,61.705
World,OWID_WRL,2009,64.837
World,OWID_WRL,2010,59.783
World,OWID_WRL,2011,91.983
World,OWID_WRL,2012,53.857
World,OWID_WRL,2013,37.168
World,OWID_WRL,2014,41.375
World,OWID_WRL,2015,29.036
World,OWID_WRL,2016,27.043
World,OWID_WRL,2017,35.365
World,OWID_WRL,2018,29.623
World,OWID_WRL,2019,23.794