Entity,Code,Year,Hydro (% growth)
Africa,,1966,11.538
Africa,,1967,4.388
Africa,,1968,16.971
Africa,,1969,16.699
Africa,,1970,25.02
Africa,,1971,-5.852
Africa,,1972,13.915
Africa,,1973,5.779
Africa,,1974,13.786
Africa,,1975,5.75
Africa,,1976,10.816
Africa,,1977,9.884
Africa,,1978,0.823
Africa,,1979,7.036
Africa,,1980,-2.529
Africa,,1981,3.894
Africa,,1982,0.027
Africa,,1983,-9.877
Africa,,1984,-1.673
Africa,,1985,11.148
Africa,,1986,3.429
Africa,,1987,-4.084
Africa,,1988,9.249
Africa,,1989,5.006
Africa,,1990,1.739
Africa,,1991,5.933
Africa,,1992,-4.602
Africa,,1993,-2.036
Africa,,1994,1.612
Africa,,1995,3.773
Africa,,1996,4.262
Africa,,1997,2.465
Africa,,1998,4.389
Africa,,1999,6.045
Africa,,2000,6.453
Africa,,2001,6.769
Africa,,2002,4.659
Africa,,2003,-3.334
Africa,,2004,4.798
Africa,,2005,1.255
Africa,,2006,2.913
Africa,,2007,2.715
Africa,,2008,1.272
Africa,,2009,2.046
Africa,,2010,7.023
Africa,,2011,2.182
Africa,,2012,-0.149
Africa,,2013,5.418
Africa,,2014,4.515
Africa,,2015,-3.704
Africa,,2016,-3.955
Africa,,2017,6.292
Africa,,2018,4.692
Africa,,2019,1.425
Algeria,DZA,1966,-11.25
Algeria,DZA,1967,15.493
Algeria,DZA,1968,37.317
Algeria,DZA,1969,-35.879
Algeria,DZA,1970,60.665
Algeria,DZA,1971,-43.103
Algeria,DZA,1972,50
Algeria,DZA,1973,51.919
Algeria,DZA,1974,-33.91
Algeria,DZA,1975,-34.004
Algeria,DZA,1976,18.598
Algeria,DZA,1977,-30.848
Algeria,DZA,1978,-7.063
Algeria,DZA,1979,16.4
Algeria,DZA,1980,-11.684
Algeria,DZA,1981,42.412
Algeria,DZA,1982,30.874
Algeria,DZA,1983,-50.939
Algeria,DZA,1984,92.34
Algeria,DZA,1985,42.92
Algeria,DZA,1986,-61.3
Algeria,DZA,1987,99.6
Algeria,DZA,1988,-63.327
Algeria,DZA,1989,23.497
Algeria,DZA,1990,-40.265
Algeria,DZA,1991,117.037
Algeria,DZA,1992,-32.082
Algeria,DZA,1993,77.387
Algeria,DZA,1994,-52.975
Algeria,DZA,1995,16.265
Algeria,DZA,1996,-30.052
Algeria,DZA,1997,-44.444
Algeria,DZA,1998,186.667
Algeria,DZA,1999,-5.581
Algeria,DZA,2000,-73.399
Algeria,DZA,2001,26.948
Algeria,DZA,2002,-17.924
Algeria,DZA,2003,361.932
Algeria,DZA,2004,-5.886
Algeria,DZA,2005,119.835
Algeria,DZA,2006,-61.06
Algeria,DZA,2007,3.211
Algeria,DZA,2008,24.443
Algeria,DZA,2009,20.102
Algeria,DZA,2010,-49.726
Algeria,DZA,2011,117.165
Algeria,DZA,2012,2.286
Algeria,DZA,2013,-74.703
Algeria,DZA,2014,93.782
Algeria,DZA,2015,-25.318
Algeria,DZA,2016,-50.639
Algeria,DZA,2017,-22.68
Algeria,DZA,2018,107.707
Algeria,DZA,2019,29.01
Argentina,ARG,1966,1.306
Argentina,ARG,1967,2.417
Argentina,ARG,1968,17.86
Argentina,ARG,1969,-10.28
Argentina,ARG,1970,15.699
Argentina,ARG,1971,-0.707
Argentina,ARG,1972,-2.591
Argentina,ARG,1973,99.069
Argentina,ARG,1974,67.936
Argentina,ARG,1975,3.441
Argentina,ARG,1976,-3.615
Argentina,ARG,1977,15.021
Argentina,ARG,1978,34.443
Argentina,ARG,1979,37.513
Argentina,ARG,1980,42.064
Argentina,ARG,1981,-3.031
Argentina,ARG,1982,19.803
Argentina,ARG,1983,4.695
Argentina,ARG,1984,7.932
Argentina,ARG,1985,3.853
Argentina,ARG,1986,1.758
Argentina,ARG,1987,3.96
Argentina,ARG,1988,-31.171
Argentina,ARG,1989,-13.756
Argentina,ARG,1990,37.879
Argentina,ARG,1991,-9.258
Argentina,ARG,1992,21.935
Argentina,ARG,1993,19.093
Argentina,ARG,1994,18.753
Argentina,ARG,1995,1.735
Argentina,ARG,1996,-8.83
Argentina,ARG,1997,27.307
Argentina,ARG,1998,-1.841
Argentina,ARG,1999,-18.172
Argentina,ARG,2000,28.285
Argentina,ARG,2001,22.322
Argentina,ARG,2002,-1.679
Argentina,ARG,2003,-6.36
Argentina,ARG,2004,-9.986
Argentina,ARG,2005,10.446
Argentina,ARG,2006,10.164
Argentina,ARG,2007,-14.026
Argentina,ARG,2008,-2.048
Argentina,ARG,2009,8.958
Argentina,ARG,2010,-1.198
Argentina,ARG,2011,-2.821
Argentina,ARG,2012,-7.539
Argentina,ARG,2013,9.705
Argentina,ARG,2014,-0.198
Argentina,ARG,2015,1.611
Argentina,ARG,2016,-8.96
Argentina,ARG,2017,7.958
Argentina,ARG,2018,-0.334
Argentina,ARG,2019,-11.328
Australia,AUS,1966,-4.483
Australia,AUS,1967,3.55
Australia,AUS,1968,4.532
Australia,AUS,1969,9.227
Australia,AUS,1970,17.118
Australia,AUS,1971,13.143
Australia,AUS,1972,0.399
Australia,AUS,1973,6.34
Australia,AUS,1974,12.926
Australia,AUS,1975,7.308
Australia,AUS,1976,-4.93
Australia,AUS,1977,-4.309
Australia,AUS,1978,8.354
Australia,AUS,1979,-2.925
Australia,AUS,1980,-5.471
Australia,AUS,1981,2.968
Australia,AUS,1982,-7.904
Australia,AUS,1983,-5.064
Australia,AUS,1984,8.267
Australia,AUS,1985,6.206
Australia,AUS,1986,0.612
Australia,AUS,1987,-2.937
Australia,AUS,1988,5.294
Australia,AUS,1989,-0.564
Australia,AUS,1990,3.549
Australia,AUS,1991,6.057
Australia,AUS,1992,1.84
Australia,AUS,1993,2.795
Australia,AUS,1994,-1.446
Australia,AUS,1995,-3.214
Australia,AUS,1996,2.159
Australia,AUS,1997,-0.1
Australia,AUS,1998,-0.969
Australia,AUS,1999,3.061
Australia,AUS,2000,1.136
Australia,AUS,2001,-2.719
Australia,AUS,2002,-0.821
Australia,AUS,2003,0.072
Australia,AUS,2004,-3.848
Australia,AUS,2005,-2.033
Australia,AUS,2006,-3.974
Australia,AUS,2007,-13.233
Australia,AUS,2008,-10.018
Australia,AUS,2009,6.338
Australia,AUS,2010,8.065
Australia,AUS,2011,41.515
Australia,AUS,2012,-13.485
Australia,AUS,2013,11.376
Australia,AUS,2014,-24.578
Australia,AUS,2015,-3.332
Australia,AUS,2016,24.431
Australia,AUS,2017,-23.868
Australia,AUS,2018,27.79
Australia,AUS,2019,-17.946
Austria,AUT,1966,7.76
Austria,AUT,1967,2.118
Austria,AUT,1968,2.752
Austria,AUT,1969,-8.067
Austria,AUT,1970,27.346
Austria,AUT,1971,-20.994
Austria,AUT,1972,2.779
Austria,AUT,1973,11.115
Austria,AUT,1974,18.236
Austria,AUT,1975,4.768
Austria,AUT,1976,-13.572
Austria,AUT,1977,21.177
Austria,AUT,1978,0.08
Austria,AUT,1979,12.654
Austria,AUT,1980,3.606
Austria,AUT,1981,5.968
Austria,AUT,1982,0.159
Austria,AUT,1983,-0.939
Austria,AUT,1984,-12.274
Austria,AUT,1985,14.621
Austria,AUT,1986,0.418
Austria,AUT,1987,14.51
Austria,AUT,1988,-0.237
Austria,AUT,1989,-0.628
Austria,AUT,1990,-10.186
Austria,AUT,1991,-0.208
Austria,AUT,1992,10.829
Austria,AUT,1993,5.329
Austria,AUT,1994,-2.719
Austria,AUT,1995,3.808
Austria,AUT,1996,-7.692
Austria,AUT,1997,5.521
Austria,AUT,1998,2.93
Austria,AUT,1999,9.514
Austria,AUT,2000,2.793
Austria,AUT,2001,-3.927
Austria,AUT,2002,-1.206
Austria,AUT,2003,-17.96
Austria,AUT,2004,9.975
Austria,AUT,2005,0.267
Austria,AUT,2006,-4.484
Austria,AUT,2007,3.272
Austria,AUT,2008,2.798
Austria,AUT,2009,6.038
Austria,AUT,2010,-6.769
Austria,AUT,2011,-11.295
Austria,AUT,2012,27.161
Austria,AUT,2013,-4.591
Austria,AUT,2014,-3.049
Austria,AUT,2015,-10.181
Austria,AUT,2016,6.891
Austria,AUT,2017,-4.459
Austria,AUT,2018,-2.286
Austria,AUT,2019,7.821
Azerbaijan,AZE,1986,-38.721
Azerbaijan,AZE,1987,0
Azerbaijan,AZE,1988,-13.187
Azerbaijan,AZE,1989,0
Azerbaijan,AZE,1990,137.446
Azerbaijan,AZE,1991,6.11
Azerbaijan,AZE,1992,-0.682
Azerbaijan,AZE,1993,38.843
Azerbaijan,AZE,1994,-24.567
Azerbaijan,AZE,1995,-14.973
Azerbaijan,AZE,1996,-1.221
Azerbaijan,AZE,1997,11.386
Azerbaijan,AZE,1998,13.96
Azerbaijan,AZE,1999,-22.809
Azerbaijan,AZE,2000,1.859
Azerbaijan,AZE,2001,-15.74
Azerbaijan,AZE,2002,54.263
Azerbaijan,AZE,2003,21.493
Azerbaijan,AZE,2004,10.828
Azerbaijan,AZE,2005,8.543
Azerbaijan,AZE,2006,-16.855
Azerbaijan,AZE,2007,-6.703
Azerbaijan,AZE,2008,-6.17
Azerbaijan,AZE,2009,2.785
Azerbaijan,AZE,2010,48.378
Azerbaijan,AZE,2011,-22.831
Azerbaijan,AZE,2012,-32.358
Azerbaijan,AZE,2013,-18.719
Azerbaijan,AZE,2014,-13.242
Azerbaijan,AZE,2015,25.241
Azerbaijan,AZE,2016,18.944
Azerbaijan,AZE,2017,-11.39
Azerbaijan,AZE,2018,0.642
Azerbaijan,AZE,2019,-11.828
Bangladesh,BGD,1973,89.143
Bangladesh,BGD,1974,-26.586
Bangladesh,BGD,1975,79.424
Bangladesh,BGD,1976,13.303
Bangladesh,BGD,1977,-11.538
Bangladesh,BGD,1978,15.789
Bangladesh,BGD,1979,16.008
Bangladesh,BGD,1980,-0.681
Bangladesh,BGD,1981,7.204
Bangladesh,BGD,1982,-16.32
Bangladesh,BGD,1983,26.577
Bangladesh,BGD,1984,35.498
Bangladesh,BGD,1985,-17.614
Bangladesh,BGD,1986,-39.107
Bangladesh,BGD,1987,14.889
Bangladesh,BGD,1988,30.561
Bangladesh,BGD,1989,36.296
Bangladesh,BGD,1990,-3.913
Bangladesh,BGD,1991,-5.204
Bangladesh,BGD,1992,-5.012
Bangladesh,BGD,1993,-23.618
Bangladesh,BGD,1994,39.309
Bangladesh,BGD,1995,-56.08
Bangladesh,BGD,1996,98.656
Bangladesh,BGD,1997,-2.706
Bangladesh,BGD,1998,20.306
Bangladesh,BGD,1999,-3.699
Bangladesh,BGD,2000,-10.084
Bangladesh,BGD,2001,31.716
Bangladesh,BGD,2002,-25.059
Bangladesh,BGD,2003,-0.641
Bangladesh,BGD,2004,-0.637
Bangladesh,BGD,2005,-0.633
Bangladesh,BGD,2006,-0.629
Bangladesh,BGD,2007,-0.625
Bangladesh,BGD,2008,26.048
Bangladesh,BGD,2009,-56.376
Bangladesh,BGD,2010,73.748
Bangladesh,BGD,2011,18.887
Bangladesh,BGD,2012,-11.435
Bangladesh,BGD,2013,-6.822
Bangladesh,BGD,2014,-22.697
Bangladesh,BGD,2015,57.612
Bangladesh,BGD,2016,-2.087
Bangladesh,BGD,2017,15.695
Bangladesh,BGD,2018,-16.433
Bangladesh,BGD,2019,-5.241
Belarus,BLR,1986,0
Belarus,BLR,1987,0
Belarus,BLR,1988,0
Belarus,BLR,1989,0
Belarus,BLR,1990,0
Belarus,BLR,1991,-10
Belarus,BLR,1992,-5.556
Belarus,BLR,1993,11.765
Belarus,BLR,1994,0
Belarus,BLR,1995,5.263
Belarus,BLR,1996,-20
Belarus,BLR,1997,31.25
Belarus,BLR,1998,33.333
Belarus,BLR,1999,-32.143
Belarus,BLR,2000,42.105
Belarus,BLR,2001,10.39
Belarus,BLR,2002,-3.957
Belarus,BLR,2003,-4.067
Belarus,BLR,2004,17.106
Belarus,BLR,2005,8.401
Belarus,BLR,2006,-3.389
Belarus,BLR,2007,-0.625
Belarus,BLR,2008,10.736
Belarus,BLR,2009,14.672
Belarus,BLR,2010,-0.613
Belarus,BLR,2011,-7.236
Belarus,BLR,2012,70.39
Belarus,BLR,2013,90.512
Belarus,BLR,2014,-12.844
Belarus,BLR,2015,-8.811
Belarus,BLR,2016,27.171
Belarus,BLR,2017,183.534
Belarus,BLR,2018,-20.468
Belarus,BLR,2019,-0.369
Belgium,BEL,1966,9.926
Belgium,BEL,1967,-20.401
Belgium,BEL,1968,2.521
Belgium,BEL,1969,-5.738
Belgium,BEL,1970,6.957
Belgium,BEL,1971,-45.528
Belgium,BEL,1972,34.328
Belgium,BEL,1973,-5
Belgium,BEL,1974,40.351
Belgium,BEL,1975,-23.75
Belgium,BEL,1976,-40.437
Belgium,BEL,1977,105.505
Belgium,BEL,1978,-0.446
Belgium,BEL,1979,4.933
Belgium,BEL,1980,18.803
Belgium,BEL,1981,37.05
Belgium,BEL,1982,-12.598
Belgium,BEL,1983,0.901
Belgium,BEL,1984,4.464
Belgium,BEL,1985,-18.234
Belgium,BEL,1986,19.512
Belgium,BEL,1987,25.073
Belgium,BEL,1988,-16.317
Belgium,BEL,1989,-15.042
Belgium,BEL,1990,-12.787
Belgium,BEL,1991,-13.91
Belgium,BEL,1992,48.908
Belgium,BEL,1993,-25.513
Belgium,BEL,1994,36.22
Belgium,BEL,1995,-2.312
Belgium,BEL,1996,-29.29
Belgium,BEL,1997,27.615
Belgium,BEL,1998,27.541
Belgium,BEL,1999,-12.339
Belgium,BEL,2000,34.897
Belgium,BEL,2001,-4.753
Belgium,BEL,2002,-18.894
Belgium,BEL,2003,-31.829
Belgium,BEL,2004,27.523
Belgium,BEL,2005,-9.723
Belgium,BEL,2006,23.869
Belgium,BEL,2007,7.679
Belgium,BEL,2008,4.744
Belgium,BEL,2009,-20.494
Belgium,BEL,2010,-5.462
Belgium,BEL,2011,-37.563
Belgium,BEL,2012,81.039
Belgium,BEL,2013,5.801
Belgium,BEL,2014,-22.781
Belgium,BEL,2015,7.217
Belgium,BEL,2016,15.518
Belgium,BEL,2017,-27.429
Belgium,BEL,2018,15.389
Belgium,BEL,2019,-5.811
Brazil,BRA,1966,9.371
Brazil,BRA,1967,4.598
Brazil,BRA,1968,4.663
Brazil,BRA,1969,7.011
Brazil,BRA,1970,21.745
Brazil,BRA,1971,8.537
Brazil,BRA,1972,17.32
Brazil,BRA,1973,14.224
Brazil,BRA,1974,13.455
Brazil,BRA,1975,10.061
Brazil,BRA,1976,14.7
Brazil,BRA,1977,12.745
Brazil,BRA,1978,9.912
Brazil,BRA,1979,13.464
Brazil,BRA,1980,10.574
Brazil,BRA,1981,1.441
Brazil,BRA,1982,7.928
Brazil,BRA,1983,7.329
Brazil,BRA,1984,9.981
Brazil,BRA,1985,7.072
Brazil,BRA,1986,2.267
Brazil,BRA,1987,1.744
Brazil,BRA,1988,7.27
Brazil,BRA,1989,2.811
Brazil,BRA,1990,0.986
Brazil,BRA,1991,5.357
Brazil,BRA,1992,2.553
Brazil,BRA,1993,5.248
Brazil,BRA,1994,3.25
Brazil,BRA,1995,4.615
Brazil,BRA,1996,4.673
Brazil,BRA,1997,4.968
Brazil,BRA,1998,4.48
Brazil,BRA,1999,0.525
Brazil,BRA,2000,3.892
Brazil,BRA,2001,-12.571
Brazil,BRA,2002,6.111
Brazil,BRA,2003,6.14
Brazil,BRA,2004,4.299
Brazil,BRA,2005,4.527
Brazil,BRA,2006,2.713
Brazil,BRA,2007,6.557
Brazil,BRA,2008,-1.806
Brazil,BRA,2009,5.146
Brazil,BRA,2010,2.514
Brazil,BRA,2011,5.562
Brazil,BRA,2012,-3.621
Brazil,BRA,2013,-6.43
Brazil,BRA,2014,-5.061
Brazil,BRA,2015,-4.241
Brazil,BRA,2016,5.258
Brazil,BRA,2017,-3.199
Brazil,BRA,2018,4.257
Brazil,BRA,2019,2.276
Bulgaria,BGR,1966,0.5
Bulgaria,BGR,1967,0.597
Bulgaria,BGR,1968,-35.46
Bulgaria,BGR,1969,40.92
Bulgaria,BGR,1970,17.02
Bulgaria,BGR,1971,0.836
Bulgaria,BGR,1972,-3.456
Bulgaria,BGR,1973,22.673
Bulgaria,BGR,1974,-19.066
Bulgaria,BGR,1975,17.933
Bulgaria,BGR,1976,20.424
Bulgaria,BGR,1977,19.465
Bulgaria,BGR,1978,-17.569
Bulgaria,BGR,1979,13.819
Bulgaria,BGR,1980,12.141
Bulgaria,BGR,1981,-2.559
Bulgaria,BGR,1982,-15.699
Bulgaria,BGR,1983,9.934
Bulgaria,BGR,1984,-2.774
Bulgaria,BGR,1985,-31.38
Bulgaria,BGR,1986,3.979
Bulgaria,BGR,1987,9.071
Bulgaria,BGR,1988,2.326
Bulgaria,BGR,1989,3.659
Bulgaria,BGR,1990,-30.212
Bulgaria,BGR,1991,29.979
Bulgaria,BGR,1992,-15.485
Bulgaria,BGR,1993,-5.865
Bulgaria,BGR,1994,-24.408
Bulgaria,BGR,1995,57.629
Bulgaria,BGR,1996,26.145
Bulgaria,BGR,1997,-5.653
Bulgaria,BGR,1998,12.455
Bulgaria,BGR,1999,-11.108
Bulgaria,BGR,2000,-2.906
Bulgaria,BGR,2001,-35.439
Bulgaria,BGR,2002,25.495
Bulgaria,BGR,2003,37.173
Bulgaria,BGR,2004,3.923
Bulgaria,BGR,2005,36.034
Bulgaria,BGR,2006,-2.897
Bulgaria,BGR,2007,-32.609
Bulgaria,BGR,2008,-2.35
Bulgaria,BGR,2009,22.117
Bulgaria,BGR,2010,44.841
Bulgaria,BGR,2011,-42.669
Bulgaria,BGR,2012,9.923
Bulgaria,BGR,2013,25.711
Bulgaria,BGR,2014,12.192
Bulgaria,BGR,2015,22.2
Bulgaria,BGR,2016,-30.778
Bulgaria,BGR,2017,-28.679
Bulgaria,BGR,2018,80.916
Bulgaria,BGR,2019,-33.759
Canada,CAN,1966,10.934
Canada,CAN,1967,2.232
Canada,CAN,1968,1.699
Canada,CAN,1969,10.601
Canada,CAN,1970,4.978
Canada,CAN,1971,2.734
Canada,CAN,1972,11.805
Canada,CAN,1973,7.165
Canada,CAN,1974,8.226
Canada,CAN,1975,-3.891
Canada,CAN,1976,5.047
Canada,CAN,1977,3.507
Canada,CAN,1978,6.862
Canada,CAN,1979,3.769
Canada,CAN,1980,2.878
Canada,CAN,1981,5.92
Canada,CAN,1982,-3.09
Canada,CAN,1983,3.164
Canada,CAN,1984,7.584
Canada,CAN,1985,6.124
Canada,CAN,1986,2.302
Canada,CAN,1987,1.793
Canada,CAN,1988,-2.774
Canada,CAN,1989,-5.525
Canada,CAN,1990,1.802
Canada,CAN,1991,3.921
Canada,CAN,1992,2.571
Canada,CAN,1993,2.233
Canada,CAN,1994,1.751
Canada,CAN,1995,1.892
Canada,CAN,1996,6.146
Canada,CAN,1997,-1.667
Canada,CAN,1998,-5.108
Canada,CAN,1999,4.271
Canada,CAN,2000,3.408
Canada,CAN,2001,-7.678
Canada,CAN,2002,4.675
Canada,CAN,2003,-4.378
Canada,CAN,2004,0.031
Canada,CAN,2005,6.284
Canada,CAN,2006,-3.119
Canada,CAN,2007,3.524
Canada,CAN,2008,2.046
Canada,CAN,2009,-2.934
Canada,CAN,2010,-5.278
Canada,CAN,2011,6.275
Canada,CAN,2012,0.596
Canada,CAN,2013,2.409
Canada,CAN,2014,-2.955
Canada,CAN,2015,-0.675
Canada,CAN,2016,0.251
Canada,CAN,2017,1.773
Canada,CAN,2018,-2.779
Canada,CAN,2019,-1.376
Chile,CHL,1966,5.412
Chile,CHL,1967,2.087
Chile,CHL,1968,-16.216
Chile,CHL,1969,12.875
Chile,CHL,1970,7.033
Chile,CHL,1971,11.655
Chile,CHL,1972,19.152
Chile,CHL,1973,-2.356
Chile,CHL,1974,13.744
Chile,CHL,1975,0.377
Chile,CHL,1976,3.303
Chile,CHL,1977,5.607
Chile,CHL,1978,4.046
Chile,CHL,1979,2.717
Chile,CHL,1980,5.679
Chile,CHL,1981,3.545
Chile,CHL,1982,9.374
Chile,CHL,1983,7.842
Chile,CHL,1984,3.766
Chile,CHL,1985,10.977
Chile,CHL,1986,6.865
Chile,CHL,1987,8.394
Chile,CHL,1988,-2.067
Chile,CHL,1989,-16.046
Chile,CHL,1990,-15.191
Chile,CHL,1991,46.908
Chile,CHL,1992,27.441
Chile,CHL,1993,2.85
Chile,CHL,1994,-1.347
Chile,CHL,1995,8.409
Chile,CHL,1996,-8.365
Chile,CHL,1997,12.266
Chile,CHL,1998,-15.868
Chile,CHL,1999,-14.81
Chile,CHL,2000,40.539
Chile,CHL,2001,12.883
Chile,CHL,2002,6.261
Chile,CHL,2003,-3.144
Chile,CHL,2004,-7.819
Chile,CHL,2005,21.194
Chile,CHL,2006,9.627
Chile,CHL,2007,-21.335
Chile,CHL,2008,7.972
Chile,CHL,2009,3.123
Chile,CHL,2010,-14.112
Chile,CHL,2011,-6.317
Chile,CHL,2012,-2.292
Chile,CHL,2013,-1.859
Chile,CHL,2014,15.069
Chile,CHL,2015,1.891
Chile,CHL,2016,-17.134
Chile,CHL,2017,7.666
Chile,CHL,2018,8.93
Chile,CHL,2019,-11.088
China,CHN,1966,1.76
China,CHN,1967,-13.797
China,CHN,1968,17.989
China,CHN,1969,1.7
China,CHN,1970,3.344
China,CHN,1971,20.96
China,CHN,1972,13.33
China,CHN,1973,11.762
China,CHN,1974,13.165
China,CHN,1975,4.645
China,CHN,1976,1.338
China,CHN,1977,4.39
China,CHN,1978,-6.303
China,CHN,1979,12.33
China,CHN,1980,19.905
China,CHN,1981,12.525
China,CHN,1982,13.586
China,CHN,1983,16.13
China,CHN,1984,0.46
China,CHN,1985,6.419
China,CHN,1986,2.339
China,CHN,1987,5.791
China,CHN,1988,9.142
China,CHN,1989,8.465
China,CHN,1990,7.039
China,CHN,1991,-1.621
China,CHN,1992,4.81
China,CHN,1993,16.192
China,CHN,1994,10.262
China,CHN,1995,13.827
China,CHN,1996,-1.37
China,CHN,1997,4.261
China,CHN,1998,1.485
China,CHN,1999,-1.161
China,CHN,2000,13.14
China,CHN,2001,23.928
China,CHN,2002,3.129
China,CHN,2003,-2.121
China,CHN,2004,23.834
China,CHN,2005,11.586
China,CHN,2006,9.075
China,CHN,2007,10.658
China,CHN,2008,30.445
China,CHN,2009,-3.943
China,CHN,2010,14.842
China,CHN,2011,-3.87
China,CHN,2012,24.638
China,CHN,2013,4.791
China,CHN,2014,15.802
China,CHN,2015,4.548
China,CHN,2016,2.865
China,CHN,2017,0.429
China,CHN,2018,2.301
China,CHN,2019,5.514
Colombia,COL,1966,11.097
Colombia,COL,1967,11.481
Colombia,COL,1968,11.432
Colombia,COL,1969,11.183
Colombia,COL,1970,11.305
Colombia,COL,1971,6.124
Colombia,COL,1972,10.767
Colombia,COL,1973,8.831
Colombia,COL,1974,13.543
Colombia,COL,1975,10.694
Colombia,COL,1976,5.077
Colombia,COL,1977,2.204
Colombia,COL,1978,15.496
Colombia,COL,1979,9.84
Colombia,COL,1980,8.958
Colombia,COL,1981,-1.258
Colombia,COL,1982,6.822
Colombia,COL,1983,0.835
Colombia,COL,1984,11.548
Colombia,COL,1985,7.588
Colombia,COL,1986,15.684
Colombia,COL,1987,8.975
Colombia,COL,1988,5.471
Colombia,COL,1989,9.228
Colombia,COL,1990,2.665
Colombia,COL,1991,0.837
Colombia,COL,1992,-19.64
Colombia,COL,1993,25.025
Colombia,COL,1994,15.085
Colombia,COL,1995,-0.215
Colombia,COL,1996,10.31
Colombia,COL,1997,-10.802
Colombia,COL,1998,-2.205
Colombia,COL,1999,9.483
Colombia,COL,2000,-8.56
Colombia,COL,2001,1.984
Colombia,COL,2002,6.69
Colombia,COL,2003,5.818
Colombia,COL,2004,5.278
Colombia,COL,2005,1.676
Colombia,COL,2006,7.826
Colombia,COL,2007,3.307
Colombia,COL,2008,3.689
Colombia,COL,2009,-12.079
Colombia,COL,2010,-1.295
Colombia,COL,2011,18.677
Colombia,COL,2012,-2.342
Colombia,COL,2013,-7.327
Colombia,COL,2014,0.251
Colombia,COL,2015,-0.729
Colombia,COL,2016,4.094
Colombia,COL,2017,21.836
Colombia,COL,2018,-1.79
Colombia,COL,2019,-9.347
Croatia,HRV,1991,54.56
Croatia,HRV,1992,-26.05
Croatia,HRV,1993,4.622
Croatia,HRV,1994,19.451
Croatia,HRV,1995,4.563
Croatia,HRV,1996,38.36
Croatia,HRV,1997,-25.563
Croatia,HRV,1998,2.887
Croatia,HRV,1999,21.671
Croatia,HRV,2000,-11.928
Croatia,HRV,2001,10.559
Croatia,HRV,2002,-19.047
Croatia,HRV,2003,-7.315
Croatia,HRV,2004,38.85
Croatia,HRV,2005,-8.333
Croatia,HRV,2006,-6.547
Croatia,HRV,2007,-29.415
Croatia,HRV,2008,22.236
Croatia,HRV,2009,27.37
Croatia,HRV,2010,22.419
Croatia,HRV,2011,-45.186
Croatia,HRV,2012,-4.477
Croatia,HRV,2013,77.177
Croatia,HRV,2014,3.84
Croatia,HRV,2015,-29.466
Croatia,HRV,2016,6.594
Croatia,HRV,2017,-23.009
Croatia,HRV,2018,44.249
Croatia,HRV,2019,-24.429
Czechia,CZE,1966,-5.743
Czechia,CZE,1967,-9.874
Czechia,CZE,1968,-22.611
Czechia,CZE,1969,-18.373
Czechia,CZE,1970,42.804
Czechia,CZE,1971,-29.369
Czechia,CZE,1972,4.636
Czechia,CZE,1973,-14.478
Czechia,CZE,1974,68.27
Czechia,CZE,1975,-0.275
Czechia,CZE,1976,-20.287
Czechia,CZE,1977,36.03
Czechia,CZE,1978,-6.965
Czechia,CZE,1979,25.301
Czechia,CZE,1980,4.623
Czechia,CZE,1981,-14.089
Czechia,CZE,1982,-18.971
Czechia,CZE,1983,-0.898
Czechia,CZE,1984,-21.571
Czechia,CZE,1985,28.737
Czechia,CZE,1986,12.268
Czechia,CZE,1987,31.397
Czechia,CZE,1988,-14.848
Czechia,CZE,1989,-21.725
Czechia,CZE,1990,-29.337
Czechia,CZE,1991,-6.202
Czechia,CZE,1992,28.742
Czechia,CZE,1993,-2.354
Czechia,CZE,1994,6.647
Czechia,CZE,1995,37.123
Czechia,CZE,1996,-1.648
Czechia,CZE,1997,-13.713
Czechia,CZE,1998,-17.834
Czechia,CZE,1999,20.415
Czechia,CZE,2000,4.581
Czechia,CZE,2001,16.079
Czechia,CZE,2002,20.542
Czechia,CZE,2003,-44.858
Czechia,CZE,2004,45.064
Czechia,CZE,2005,17.124
Czechia,CZE,2006,6.504
Czechia,CZE,2007,-18.99
Czechia,CZE,2008,-3.25
Czechia,CZE,2009,19.28
Czechia,CZE,2010,14.104
Czechia,CZE,2011,-23.959
Czechia,CZE,2012,3.93
Czechia,CZE,2013,27.232
Czechia,CZE,2014,-33.561
Czechia,CZE,2015,-6.552
Czechia,CZE,2016,10.801
Czechia,CZE,2017,-7.098
Czechia,CZE,2018,-13.385
Czechia,CZE,2019,22.771
Denmark,DNK,1966,4
Denmark,DNK,1967,-3.846
Denmark,DNK,1968,-16
Denmark,DNK,1969,4.762
Denmark,DNK,1970,9.091
Denmark,DNK,1971,0
Denmark,DNK,1972,0
Denmark,DNK,1973,0
Denmark,DNK,1974,0
Denmark,DNK,1975,-12.5
Denmark,DNK,1976,-9.524
Denmark,DNK,1977,36.842
Denmark,DNK,1978,3.846
Denmark,DNK,1979,7.407
Denmark,DNK,1980,17.586
Denmark,DNK,1981,4.106
Denmark,DNK,1982,-14.648
Denmark,DNK,1983,10.561
Denmark,DNK,1984,-9.851
Denmark,DNK,1985,-1.656
Denmark,DNK,1986,-3.704
Denmark,DNK,1987,2.797
Denmark,DNK,1988,11.565
Denmark,DNK,1989,-30.183
Denmark,DNK,1990,22.271
Denmark,DNK,1991,-9.286
Denmark,DNK,1992,9.055
Denmark,DNK,1993,-0.722
Denmark,DNK,1994,18.545
Denmark,DNK,1995,-7.055
Denmark,DNK,1996,-36.304
Denmark,DNK,1997,-0.518
Denmark,DNK,1998,42.188
Denmark,DNK,1999,11.722
Denmark,DNK,2000,-0.984
Denmark,DNK,2001,-9.203
Denmark,DNK,2002,14.474
Denmark,DNK,2003,-33.761
Denmark,DNK,2004,24.204
Denmark,DNK,2005,-15.631
Denmark,DNK,2006,3.346
Denmark,DNK,2007,19.76
Denmark,DNK,2008,-9.079
Denmark,DNK,2009,-27.196
Denmark,DNK,2010,8.545
Denmark,DNK,2011,-18.773
Denmark,DNK,2012,2.962
Denmark,DNK,2013,-23.671
Denmark,DNK,2014,11.87
Denmark,DNK,2015,18.675
Denmark,DNK,2016,6.254
Denmark,DNK,2017,-7.81
Denmark,DNK,2018,-17.334
Denmark,DNK,2019,13.546
Ecuador,ECU,1966,14.458
Ecuador,ECU,1967,10.175
Ecuador,ECU,1968,4.459
Ecuador,ECU,1969,10.976
Ecuador,ECU,1970,11.264
Ecuador,ECU,1971,8.642
Ecuador,ECU,1972,1.136
Ecuador,ECU,1973,-2.247
Ecuador,ECU,1974,14.943
Ecuador,ECU,1975,25.6
Ecuador,ECU,1976,-3.662
Ecuador,ECU,1977,-7.769
Ecuador,ECU,1978,41.756
Ecuador,ECU,1979,-10.367
Ecuador,ECU,1980,22.99
Ecuador,ECU,1981,-10.665
Ecuador,ECU,1982,14.891
Ecuador,ECU,1983,92.291
Ecuador,ECU,1984,87.856
Ecuador,ECU,1985,1.423
Ecuador,ECU,1986,22.354
Ecuador,ECU,1987,13.908
Ecuador,ECU,1988,5.602
Ecuador,ECU,1989,2.652
Ecuador,ECU,1990,0.66
Ecuador,ECU,1991,1.789
Ecuador,ECU,1992,-2.016
Ecuador,ECU,1993,16.82
Ecuador,ECU,1994,12.997
Ecuador,ECU,1995,-21.396
Ecuador,ECU,1996,22.921
Ecuador,ECU,1997,3.007
Ecuador,ECU,1998,-0.43
Ecuador,ECU,1999,10.308
Ecuador,ECU,2000,6.054
Ecuador,ECU,2001,-7.706
Ecuador,ECU,2002,5.729
Ecuador,ECU,2003,-5.181
Ecuador,ECU,2004,2.564
Ecuador,ECU,2005,-7.726
Ecuador,ECU,2006,2.935
Ecuador,ECU,2007,25.972
Ecuador,ECU,2008,24.183
Ecuador,ECU,2009,-18.815
Ecuador,ECU,2010,-6.959
Ecuador,ECU,2011,28.123
Ecuador,ECU,2012,9.256
Ecuador,ECU,2013,-10.34
Ecuador,ECU,2014,3.175
Ecuador,ECU,2015,13.619
Ecuador,ECU,2016,20.188
Ecuador,ECU,2017,26.125
Ecuador,ECU,2018,2.332
Ecuador,ECU,2019,18.838
Egypt,EGY,1966,5.357
Egypt,EGY,1967,7.748
Egypt,EGY,1968,52.584
Egypt,EGY,1969,32.99
Egypt,EGY,1970,17.497
Egypt,EGY,1971,7.634
Egypt,EGY,1972,2.277
Egypt,EGY,1973,-0.171
Egypt,EGY,1974,18.696
Egypt,EGY,1975,11.055
Egypt,EGY,1976,17.827
Egypt,EGY,1977,12.921
Egypt,EGY,1978,9.878
Egypt,EGY,1979,-3.249
Egypt,EGY,1980,2.024
Egypt,EGY,1981,4.193
Egypt,EGY,1982,2.726
Egypt,EGY,1983,-6.445
Egypt,EGY,1984,-1.891
Egypt,EGY,1985,-5.004
Egypt,EGY,1986,-1.924
Egypt,EGY,1987,-0.028
Egypt,EGY,1988,-1.566
Egypt,EGY,1989,7.453
Egypt,EGY,1990,4.912
Egypt,EGY,1991,-0.372
Egypt,EGY,1992,-1.17
Egypt,EGY,1993,2.985
Egypt,EGY,1994,6.297
Egypt,EGY,1995,4.325
Egypt,EGY,1996,2.609
Egypt,EGY,1997,2.499
Egypt,EGY,1998,2.833
Egypt,EGY,1999,11.037
Egypt,EGY,2000,5.487
Egypt,EGY,2001,1.001
Egypt,EGY,2002,-3.533
Egypt,EGY,2003,-8.135
Egypt,EGY,2004,-1.462
Egypt,EGY,2005,-2.085
Egypt,EGY,2006,0.475
Egypt,EGY,2007,10.514
Egypt,EGY,2008,5.52
Egypt,EGY,2009,-9.33
Egypt,EGY,2010,-6.516
Egypt,EGY,2011,-0.337
Egypt,EGY,2012,-0.319
Egypt,EGY,2013,0.992
Egypt,EGY,2014,2.033
Egypt,EGY,2015,0.111
Egypt,EGY,2016,-1.907
Egypt,EGY,2017,-3.396
Egypt,EGY,2018,1.264
Egypt,EGY,2019,-0.177
Estonia,EST,2000,25
Estonia,EST,2001,39.091
Estonia,EST,2002,-14.839
Estonia,EST,2003,115.278
Estonia,EST,2004,68.153
Estonia,EST,2005,-0.633
Estonia,EST,2006,-36.764
Estonia,EST,2007,56.161
Estonia,EST,2008,26.482
Estonia,EST,2009,13.58
Estonia,EST,2010,-16.142
Estonia,EST,2011,10.433
Estonia,EST,2012,39.152
Estonia,EST,2013,-38.468
Estonia,EST,2014,2.077
Estonia,EST,2015,0.522
Estonia,EST,2016,28.863
Estonia,EST,2017,-26.151
Estonia,EST,2018,-42.645
Estonia,EST,2019,6.14
Europe,,1966,7.404
Europe,,1967,-0.033
Europe,,1968,3.629
Europe,,1969,-1.565
Europe,,1970,4.563
Europe,,1971,1.007
Europe,,1972,4.082
Europe,,1973,1.506
Europe,,1974,8.117
Europe,,1975,2.059
Europe,,1976,-7.528
Europe,,1977,21.08
Europe,,1978,-0.163
Europe,,1979,5.185
Europe,,1980,-3.002
Europe,,1981,1.22
Europe,,1982,-0.877
Europe,,1983,2.963
Europe,,1984,1.055
Europe,,1985,3.669
Europe,,1986,-3.36
Europe,,1987,8.931
Europe,,1988,7.17
Europe,,1989,-12.981
Europe,,1990,1.752
Europe,,1991,2.117
Europe,,1992,3.228
Europe,,1993,3.929
Europe,,1994,1.223
Europe,,1995,1.381
Europe,,1996,-2.975
Europe,,1997,3.575
Europe,,1998,4.62
Europe,,1999,0.72
Europe,,2000,3.257
Europe,,2001,-1.554
Europe,,2002,-8.453
Europe,,2003,-6.697
Europe,,2004,6.978
Europe,,2005,-0.359
Europe,,2006,-2.335
Europe,,2007,-0.262
Europe,,2008,4.501
Europe,,2009,-1.168
Europe,,2010,9.507
Europe,,2011,-12.869
Europe,,2012,9.192
Europe,,2013,5.089
Europe,,2014,-3.239
Europe,,2015,-1.855
Europe,,2016,1.837
Europe,,2017,-10.76
Europe,,2018,9.697
Europe,,2019,-2.332
Finland,FIN,1966,10.983
Finland,FIN,1967,12.027
Finland,FIN,1968,-9.806
Finland,FIN,1969,-16.622
Finland,FIN,1970,8.905
Finland,FIN,1971,12.143
Finland,FIN,1972,-2.818
Finland,FIN,1973,1.927
Finland,FIN,1974,20.069
Finland,FIN,1975,-3.888
Finland,FIN,1976,-22.338
Finland,FIN,1977,28.476
Finland,FIN,1978,-19.561
Finland,FIN,1979,10.937
Finland,FIN,1980,-6.012
Finland,FIN,1981,33.643
Finland,FIN,1982,-4.143
Finland,FIN,1983,3.758
Finland,FIN,1984,-2.454
Finland,FIN,1985,-6.893
Finland,FIN,1986,0.45
Finland,FIN,1987,11.348
Finland,FIN,1988,-3.141
Finland,FIN,1989,-2.487
Finland,FIN,1990,-16.651
Finland,FIN,1991,21.522
Finland,FIN,1992,14.473
Finland,FIN,1993,-10.818
Finland,FIN,1994,-12.572
Finland,FIN,1995,9.654
Finland,FIN,1996,-8.478
Finland,FIN,1997,0.779
Finland,FIN,1998,25.28
Finland,FIN,1999,-15.091
Finland,FIN,2000,15.192
Finland,FIN,2001,-10.512
Finland,FIN,2002,-18.924
Finland,FIN,2003,-11.566
Finland,FIN,2004,56.216
Finland,FIN,2005,-10.238
Finland,FIN,2006,-16.281
Finland,FIN,2007,22.895
Finland,FIN,2008,20.113
Finland,FIN,2009,-26.104
Finland,FIN,2010,0.73
Finland,FIN,2011,-4.234
Finland,FIN,2012,34.92
Finland,FIN,2013,-24.425
Finland,FIN,2014,3.855
Finland,FIN,2015,24.511
Finland,FIN,2016,-6.286
Finland,FIN,2017,-7.099
Finland,FIN,2018,-11.5
Finland,FIN,2019,-6.823
France,FRA,1966,11.364
France,FRA,1967,-13.084
France,FRA,1968,11.118
France,FRA,1969,4.997
France,FRA,1970,7.063
France,FRA,1971,-13.805
France,FRA,1972,-0.052
France,FRA,1973,-2.325
France,FRA,1974,17.892
France,FRA,1975,6.896
France,FRA,1976,-19.204
France,FRA,1977,57.158
France,FRA,1978,-10.433
France,FRA,1979,-2.839
France,FRA,1980,4.679
France,FRA,1981,3.838
France,FRA,1982,-2.244
France,FRA,1983,-1.604
France,FRA,1984,-5.404
France,FRA,1985,-4.927
France,FRA,1986,0.893
France,FRA,1987,12.818
France,FRA,1988,8.482
France,FRA,1989,-39.258
France,FRA,1990,14.994
France,FRA,1991,6.936
France,FRA,1992,19.711
France,FRA,1993,-5.889
France,FRA,1994,21.418
France,FRA,1995,-7.202
France,FRA,1996,-9.676
France,FRA,1997,-3.452
France,FRA,1998,-2.621
France,FRA,1999,16.783
France,FRA,2000,-8.482
France,FRA,2001,11.185
France,FRA,2002,-19.202
France,FRA,2003,-3.033
France,FRA,2004,0.395
France,FRA,2005,-14.106
France,FRA,2006,8.681
France,FRA,2007,1.671
France,FRA,2008,9.816
France,FRA,2009,-11.016
France,FRA,2010,9.361
France,FRA,2011,-29.014
France,FRA,2012,30.183
France,FRA,2013,19.814
France,FRA,2014,-11.684
France,FRA,2015,-13.863
France,FRA,2016,9.631
France,FRA,2017,-18.505
France,FRA,2018,29.122
France,FRA,2019,-8.802
Germany,DEU,1966,8.153
Germany,DEU,1967,-5.028
Germany,DEU,1968,1.481
Germany,DEU,1969,-18.85
Germany,DEU,1970,27.857
Germany,DEU,1971,-23.261
Germany,DEU,1972,-1.853
Germany,DEU,1973,15.323
Germany,DEU,1974,15.816
Germany,DEU,1975,-3.283
Germany,DEU,1976,-18.83
Germany,DEU,1977,26.976
Germany,DEU,1978,4.437
Germany,DEU,1979,0.117
Germany,DEU,1980,3.729
Germany,DEU,1981,4.434
Germany,DEU,1982,-0.887
Germany,DEU,1983,-5.198
Germany,DEU,1984,-1.244
Germany,DEU,1985,-5.836
Germany,DEU,1986,6.732
Germany,DEU,1987,9.536
Germany,DEU,1988,-1.296
Germany,DEU,1989,-9.142
Germany,DEU,1990,-4.981
Germany,DEU,1991,-8.566
Germany,DEU,1992,17.571
Germany,DEU,1993,1.744
Germany,DEU,1994,6.514
Germany,DEU,1995,6.739
Germany,DEU,1996,-12.702
Germany,DEU,1997,0.712
Germany,DEU,1998,0.264
Germany,DEU,1999,8.862
Germany,DEU,2000,20.211
Germany,DEU,2001,-7.145
Germany,DEU,2002,1.154
Germany,DEU,2003,-25.583
Germany,DEU,2004,12.674
Germany,DEU,2005,-2.893
Germany,DEU,2006,1.241
Germany,DEU,2007,5.139
Germany,DEU,2008,-4.029
Germany,DEU,2009,-7.482
Germany,DEU,2010,9.424
Germany,DEU,2011,-16.172
Germany,DEU,2012,24.24
Germany,DEU,2013,3.483
Germany,DEU,2014,-15.341
Germany,DEU,2015,-3.691
Germany,DEU,2016,7.628
Germany,DEU,2017,-2.506
Germany,DEU,2018,-11.316
Germany,DEU,2019,11.921
Greece,GRC,1966,115.98
Greece,GRC,1967,-4.046
Greece,GRC,1968,-17.59
Greece,GRC,1969,50.219
Greece,GRC,1970,28.273
Greece,GRC,1971,0.607
Greece,GRC,1972,0.943
Greece,GRC,1973,-16.959
Greece,GRC,1974,5.578
Greece,GRC,1975,-14.146
Greece,GRC,1976,-6.749
Greece,GRC,1977,2.288
Greece,GRC,1978,55.463
Greece,GRC,1979,19.344
Greece,GRC,1980,-4.515
Greece,GRC,1981,0.059
Greece,GRC,1982,4.52
Greece,GRC,1983,-34.288
Greece,GRC,1984,22.308
Greece,GRC,1985,-1.992
Greece,GRC,1986,15.33
Greece,GRC,1987,-14.065
Greece,GRC,1988,-14.892
Greece,GRC,1989,-19.696
Greece,GRC,1990,-6.895
Greece,GRC,1991,75.184
Greece,GRC,1992,-28.913
Greece,GRC,1993,3.586
Greece,GRC,1994,13.891
Greece,GRC,1995,35.783
Greece,GRC,1996,23.208
Greece,GRC,1997,-10.718
Greece,GRC,1998,-4.25
Greece,GRC,1999,23.54
Greece,GRC,2000,-19.578
Greece,GRC,2001,-43.586
Greece,GRC,2002,32.663
Greece,GRC,2003,69.123
Greece,GRC,2004,-2.597
Greece,GRC,2005,6.705
Greece,GRC,2006,16.167
Greece,GRC,2007,-56.099
Greece,GRC,2008,27.033
Greece,GRC,2009,61.257
Greece,GRC,2010,37.965
Greece,GRC,2011,-46.561
Greece,GRC,2012,9.108
Greece,GRC,2013,43.261
Greece,GRC,2014,-29.89
Greece,GRC,2015,35.427
Greece,GRC,2016,-9.639
Greece,GRC,2017,-28.933
Greece,GRC,2018,44.096
Greece,GRC,2019,-30.519
Hungary,HUN,1966,33.333
Hungary,HUN,1967,-18
Hungary,HUN,1968,8.537
Hungary,HUN,1969,6.742
Hungary,HUN,1970,-7.368
Hungary,HUN,1971,9.091
Hungary,HUN,1972,14.583
Hungary,HUN,1973,-8.182
Hungary,HUN,1974,-19.802
Hungary,HUN,1975,101.235
Hungary,HUN,1976,1.227
Hungary,HUN,1977,-9.697
Hungary,HUN,1978,-7.383
Hungary,HUN,1979,5.797
Hungary,HUN,1980,-23.288
Hungary,HUN,1981,50
Hungary,HUN,1982,-5.357
Hungary,HUN,1983,-2.516
Hungary,HUN,1984,16.774
Hungary,HUN,1985,-14.365
Hungary,HUN,1986,-0.645
Hungary,HUN,1987,9.74
Hungary,HUN,1988,0
Hungary,HUN,1989,-6.509
Hungary,HUN,1990,12.658
Hungary,HUN,1991,8.989
Hungary,HUN,1992,-18.557
Hungary,HUN,1993,5.063
Hungary,HUN,1994,-3.012
Hungary,HUN,1995,1.242
Hungary,HUN,1996,26.994
Hungary,HUN,1997,4.348
Hungary,HUN,1998,-28.241
Hungary,HUN,1999,16.774
Hungary,HUN,2000,-1.657
Hungary,HUN,2001,3.816
Hungary,HUN,2002,3.628
Hungary,HUN,2003,-12.421
Hungary,HUN,2004,19.119
Hungary,HUN,2005,-2.087
Hungary,HUN,2006,-8.5
Hungary,HUN,2007,12.198
Hungary,HUN,2008,0.799
Hungary,HUN,2009,6.382
Hungary,HUN,2010,-18.05
Hungary,HUN,2011,17.365
Hungary,HUN,2012,-4.636
Hungary,HUN,2013,-0.602
Hungary,HUN,2014,40.468
Hungary,HUN,2015,-22.722
Hungary,HUN,2016,10.029
Hungary,HUN,2017,-15.558
Hungary,HUN,2018,0.319
Hungary,HUN,2019,-1.266
Iceland,ISL,1966,-2.622
Iceland,ISL,1967,6.507
Iceland,ISL,1968,3.371
Iceland,ISL,1969,25.215
Iceland,ISL,1970,64.272
Iceland,ISL,1971,8.967
Iceland,ISL,1972,10.587
Iceland,ISL,1973,28.098
Iceland,ISL,1974,3.54
Iceland,ISL,1975,-2.329
Iceland,ISL,1976,6.524
Iceland,ISL,1977,7.244
Iceland,ISL,1978,3.385
Iceland,ISL,1979,8.219
Iceland,ISL,1980,8.304
Iceland,ISL,1981,1.025
Iceland,ISL,1982,10.459
Iceland,ISL,1983,5.307
Iceland,ISL,1984,4.181
Iceland,ISL,1985,-2.006
Iceland,ISL,1986,4.884
Iceland,ISL,1987,1.879
Iceland,ISL,1988,6.387
Iceland,ISL,1989,1.182
Iceland,ISL,1990,-1.412
Iceland,ISL,1991,0
Iceland,ISL,1992,3.626
Iceland,ISL,1993,3.641
Iceland,ISL,1994,1.083
Iceland,ISL,1995,3.723
Iceland,ISL,1996,1.82
Iceland,ISL,1997,9.218
Iceland,ISL,1998,7.965
Iceland,ISL,1999,7.591
Iceland,ISL,2000,5.108
Iceland,ISL,2001,2.825
Iceland,ISL,2002,5.373
Iceland,ISL,2003,0.95
Iceland,ISL,2004,0.058
Iceland,ISL,2005,-2.258
Iceland,ISL,2006,3.248
Iceland,ISL,2007,14.437
Iceland,ISL,2008,47.136
Iceland,ISL,2009,-1.802
Iceland,ISL,2010,1.918
Iceland,ISL,2011,-1.283
Iceland,ISL,2012,-1.96
Iceland,ISL,2013,3.638
Iceland,ISL,2014,-0.52
Iceland,ISL,2015,6.414
Iceland,ISL,2016,-2.836
Iceland,ISL,2017,3.76
Iceland,ISL,2018,-2.324
Iceland,ISL,2019,-2.928
India,IND,1966,4.427
India,IND,1967,11.901
India,IND,1968,15.41
India,IND,1969,11.028
India,IND,1970,6.052
India,IND,1971,9.685
India,IND,1972,-2.939
India,IND,1973,6.492
India,IND,1974,-3.778
India,IND,1975,19.473
India,IND,1976,4.612
India,IND,1977,9.105
India,IND,1978,24.07
India,IND,1979,-3.572
India,IND,1980,2.35
India,IND,1981,6.568
India,IND,1982,-15.611
India,IND,1983,-3.643
India,IND,1984,11.738
India,IND,1985,-3.482
India,IND,1986,1.459
India,IND,1987,-6.86
India,IND,1988,11.544
India,IND,1989,16.03
India,IND,1990,4.777
India,IND,1991,11.329
India,IND,1992,-5.219
India,IND,1993,0.959
India,IND,1994,13.402
India,IND,1995,-5.35
India,IND,1996,-9.04
India,IND,1997,1.67
India,IND,1998,19.116
India,IND,1999,-1.654
India,IND,2000,-6.394
India,IND,2001,-7.059
India,IND,2002,-5.443
India,IND,2003,0.448
India,IND,2004,44.301
India,IND,2005,-3.808
India,IND,2006,14.873
India,IND,2007,8.195
India,IND,2008,-6.655
India,IND,2009,-8.238
India,IND,2010,1.635
India,IND,2011,20.376
India,IND,2012,-12.627
India,IND,2013,13.311
India,IND,2014,4.683
India,IND,2015,-4.681
India,IND,2016,-4.247
India,IND,2017,5.195
India,IND,2018,2.183
India,IND,2019,15.483
Indonesia,IDN,1966,30.024
Indonesia,IDN,1967,12.291
Indonesia,IDN,1968,23.549
Indonesia,IDN,1969,4.564
Indonesia,IDN,1970,21.566
Indonesia,IDN,1971,-67.054
Indonesia,IDN,1972,-10.577
Indonesia,IDN,1973,26.165
Indonesia,IDN,1974,10.795
Indonesia,IDN,1975,4.872
Indonesia,IDN,1976,-41.32
Indonesia,IDN,1977,66.25
Indonesia,IDN,1978,-28.571
Indonesia,IDN,1979,11.228
Indonesia,IDN,1980,-9.464
Indonesia,IDN,1981,-0.348
Indonesia,IDN,1982,9.091
Indonesia,IDN,1983,50.321
Indonesia,IDN,1984,9.168
Indonesia,IDN,1985,22.266
Indonesia,IDN,1986,61.022
Indonesia,IDN,1987,2.877
Indonesia,IDN,1988,9.836
Indonesia,IDN,1989,24.759
Indonesia,IDN,1990,3.383
Indonesia,IDN,1991,14.12
Indonesia,IDN,1992,30.183
Indonesia,IDN,1993,-7.821
Indonesia,IDN,1994,-10.214
Indonesia,IDN,1995,3.886
Indonesia,IDN,1996,6.406
Indonesia,IDN,1997,-33.529
Indonesia,IDN,1998,76.682
Indonesia,IDN,1999,0.157
Indonesia,IDN,2000,-3.505
Indonesia,IDN,2001,15.608
Indonesia,IDN,2002,-15.325
Indonesia,IDN,2003,-8.983
Indonesia,IDN,2004,5.642
Indonesia,IDN,2005,10.162
Indonesia,IDN,2006,-10.839
Indonesia,IDN,2007,16.549
Indonesia,IDN,2008,1.512
Indonesia,IDN,2009,-1.862
Indonesia,IDN,2010,52.401
Indonesia,IDN,2011,-29.291
Indonesia,IDN,2012,2.437
Indonesia,IDN,2013,31.422
Indonesia,IDN,2014,-10.945
Indonesia,IDN,2015,-9.91
Indonesia,IDN,2016,35.121
Indonesia,IDN,2017,-0.825
Indonesia,IDN,2018,-10.216
Indonesia,IDN,2019,0.609
Iran,IRN,1966,7.455
Iran,IRN,1967,7.656
Iran,IRN,1968,7.556
Iran,IRN,1969,7.645
Iran,IRN,1970,7.678
Iran,IRN,1971,7.487
Iran,IRN,1972,31.343
Iran,IRN,1973,-15.278
Iran,IRN,1974,10.134
Iran,IRN,1975,5.007
Iran,IRN,1976,11.856
Iran,IRN,1977,3.341
Iran,IRN,1978,56.633
Iran,IRN,1979,-13.31
Iran,IRN,1980,3.695
Iran,IRN,1981,9.184
Iran,IRN,1982,4.931
Iran,IRN,1983,-2.142
Iran,IRN,1984,-6.497
Iran,IRN,1985,0.815
Iran,IRN,1986,19.512
Iran,IRN,1987,10.865
Iran,IRN,1988,5.502
Iran,IRN,1989,-18.36
Iran,IRN,1990,9.641
Iran,IRN,1991,-24.035
Iran,IRN,1992,64.152
Iran,IRN,1993,14.439
Iran,IRN,1994,-34.53
Iran,IRN,1995,20.693
Iran,IRN,1996,5.899
Iran,IRN,1997,-32.596
Iran,IRN,1998,26.039
Iran,IRN,1999,-31.317
Iran,IRN,2000,-26.483
Iran,IRN,2001,8.311
Iran,IRN,2002,93.118
Iran,IRN,2003,18.903
Iran,IRN,2004,23.665
Iran,IRN,2005,20.31
Iran,IRN,2006,27.302
Iran,IRN,2007,-3.578
Iran,IRN,2008,-58.841
Iran,IRN,2009,-10.171
Iran,IRN,2010,51.556
Iran,IRN,2011,3.578
Iran,IRN,2012,16.307
Iran,IRN,2013,16.269
Iran,IRN,2014,-1.414
Iran,IRN,2015,-9.176
Iran,IRN,2016,15.686
Iran,IRN,2017,11.079
Iran,IRN,2018,-34.28
Iran,IRN,2019,153.315
Iraq,IRQ,1966,31.25
Iraq,IRQ,1967,14.286
Iraq,IRQ,1968,20.833
Iraq,IRQ,1969,10.345
Iraq,IRQ,1970,21.875
Iraq,IRQ,1971,16.038
Iraq,IRQ,1972,0
Iraq,IRQ,1973,45
Iraq,IRQ,1974,37.931
Iraq,IRQ,1975,15.25
Iraq,IRQ,1976,-0.434
Iraq,IRQ,1977,23.312
Iraq,IRQ,1978,25.088
Iraq,IRQ,1979,45.763
Iraq,IRQ,1980,-33.14
Iraq,IRQ,1981,-11.594
Iraq,IRQ,1982,-1.639
Iraq,IRQ,1983,0
Iraq,IRQ,1984,1.667
Iraq,IRQ,1985,0
Iraq,IRQ,1986,-1.639
Iraq,IRQ,1987,333.333
Iraq,IRQ,1988,0
Iraq,IRQ,1989,0
Iraq,IRQ,1990,78.856
Iraq,IRQ,1991,-53.87
Iraq,IRQ,1992,143.292
Iraq,IRQ,1993,18.062
Iraq,IRQ,1994,1.396
Iraq,IRQ,1995,13.956
Iraq,IRQ,1996,-8.853
Iraq,IRQ,1997,1.829
Iraq,IRQ,1998,-6.212
Iraq,IRQ,1999,-42.573
Iraq,IRQ,2000,-10.185
Iraq,IRQ,2001,15.028
Iraq,IRQ,2002,22.416
Iraq,IRQ,2003,3.627
Iraq,IRQ,2004,20.131
Iraq,IRQ,2005,-15.428
Iraq,IRQ,2006,1.339
Iraq,IRQ,2007,-9.077
Iraq,IRQ,2008,-36.189
Iraq,IRQ,2009,-4.069
Iraq,IRQ,2010,26.948
Iraq,IRQ,2011,-6.536
Iraq,IRQ,2012,28.556
Iraq,IRQ,2013,4.186
Iraq,IRQ,2014,-38.85
Iraq,IRQ,2015,-10.73
Iraq,IRQ,2016,31.622
Iraq,IRQ,2017,-35.831
Iraq,IRQ,2018,-16.958
Iraq,IRQ,2019,35.812
Ireland,IRL,1966,-9.877
Ireland,IRL,1967,-5.479
Ireland,IRL,1968,-4.348
Ireland,IRL,1969,-24.242
Ireland,IRL,1970,38
Ireland,IRL,1971,-42.029
Ireland,IRL,1972,47.5
Ireland,IRL,1973,-6.78
Ireland,IRL,1974,23.636
Ireland,IRL,1975,-33.824
Ireland,IRL,1976,13.333
Ireland,IRL,1977,25.49
Ireland,IRL,1978,-6.25
Ireland,IRL,1979,18.333
Ireland,IRL,1980,1.408
Ireland,IRL,1981,2.778
Ireland,IRL,1982,-6.757
Ireland,IRL,1983,-2.899
Ireland,IRL,1984,-11.94
Ireland,IRL,1985,22.034
Ireland,IRL,1986,9.722
Ireland,IRL,1987,-25.316
Ireland,IRL,1988,27.119
Ireland,IRL,1989,-20
Ireland,IRL,1990,-0.115
Ireland,IRL,1991,7.03
Ireland,IRL,1992,9.517
Ireland,IRL,1993,-6.365
Ireland,IRL,1994,20.261
Ireland,IRL,1995,-22.5
Ireland,IRL,1996,1.262
Ireland,IRL,1997,-6.094
Ireland,IRL,1998,35.103
Ireland,IRL,1999,-7.642
Ireland,IRL,2000,0
Ireland,IRL,2001,-30.008
Ireland,IRL,2002,52.033
Ireland,IRL,2003,-34.85
Ireland,IRL,2004,4.68
Ireland,IRL,2005,-0.434
Ireland,IRL,2006,14.013
Ireland,IRL,2007,-8.541
Ireland,IRL,2008,44.366
Ireland,IRL,2009,-7.452
Ireland,IRL,2010,-33.954
Ireland,IRL,2011,17.213
Ireland,IRL,2012,12.849
Ireland,IRL,2013,-25.732
Ireland,IRL,2014,17.5
Ireland,IRL,2015,13.128
Ireland,IRL,2016,-16.057
Ireland,IRL,2017,0.956
Ireland,IRL,2018,-0.227
Ireland,IRL,2019,27.262
Israel,ISR,1982,0
Israel,ISR,1983,-50
Israel,ISR,1984,100
Israel,ISR,1985,0
Israel,ISR,1986,200
Israel,ISR,1987,66.667
Israel,ISR,1988,0
Israel,ISR,1989,-70
Israel,ISR,1990,0
Israel,ISR,1991,100
Israel,ISR,1992,383.333
Israel,ISR,1993,-10.345
Israel,ISR,1994,-11.538
Israel,ISR,1995,8.696
Israel,ISR,1996,-4
Israel,ISR,1997,4.167
Israel,ISR,1998,0
Israel,ISR,1999,32
Israel,ISR,2000,-6.061
Israel,ISR,2001,-67.951
Israel,ISR,2002,108.645
Israel,ISR,2003,46.673
Israel,ISR,2004,-10.253
Israel,ISR,2005,-0.633
Israel,ISR,2006,-46.765
Israel,ISR,2007,-7.25
Israel,ISR,2008,13.576
Israel,ISR,2009,49.074
Israel,ISR,2010,28.374
Israel,ISR,2011,-7.022
Israel,ISR,2012,13.103
Israel,ISR,2013,-16.566
Israel,ISR,2014,-54.426
Israel,ISR,2015,91.766
Israel,ISR,2016,-29.492
Israel,ISR,2017,1.92
Israel,ISR,2018,29.047
Israel,ISR,2019,-0.369
Italy,ITA,1966,2.547
Italy,ITA,1967,-3.156
Italy,ITA,1968,0.796
Italy,ITA,1969,-3.541
Italy,ITA,1970,-1.926
Italy,ITA,1971,-3.205
Italy,ITA,1972,5.806
Italy,ITA,1973,-9.251
Italy,ITA,1974,0.725
Italy,ITA,1975,8.536
Italy,ITA,1976,-4.498
Italy,ITA,1977,30.537
Italy,ITA,1978,-11.044
Italy,ITA,1979,1.002
Italy,ITA,1980,-1.53
Italy,ITA,1981,-4.885
Italy,ITA,1982,-3.655
Italy,ITA,1983,-0.039
Italy,ITA,1984,2.307
Italy,ITA,1985,-3.087
Italy,ITA,1986,0.01
Italy,ITA,1987,-3.871
Italy,ITA,1988,2.964
Italy,ITA,1989,-16.272
Italy,ITA,1990,-7.138
Italy,ITA,1991,33.558
Italy,ITA,1992,-0.092
Italy,ITA,1993,-1.836
Italy,ITA,1994,7.804
Italy,ITA,1995,-15.397
Italy,ITA,1996,11.262
Italy,ITA,1997,-1.032
Italy,ITA,1998,-0.921
Italy,ITA,1999,10.056
Italy,ITA,2000,-2.568
Italy,ITA,2001,5.22
Italy,ITA,2002,-16.122
Italy,ITA,2003,-7.804
Italy,ITA,2004,14.721
Italy,ITA,2005,-15.351
Italy,ITA,2006,1.925
Italy,ITA,2007,-11.851
Italy,ITA,2008,26.054
Italy,ITA,2009,17.326
Italy,ITA,2010,3.389
Italy,ITA,2011,-10.903
Italy,ITA,2012,-9.17
Italy,ITA,2013,25.268
Italy,ITA,2014,10.271
Italy,ITA,2015,-25.113
Italy,ITA,2016,-8.477
Italy,ITA,2017,-15.85
Italy,ITA,2018,36.139
Italy,ITA,2019,-4.454
Japan,JPN,1966,4.312
Japan,JPN,1967,-13.611
Japan,JPN,1968,7.148
Japan,JPN,1969,2.587
Japan,JPN,1970,0.066
Japan,JPN,1971,11.671
Japan,JPN,1972,1.069
Japan,JPN,1973,-21.53
Japan,JPN,1974,23.813
Japan,JPN,1975,0.878
Japan,JPN,1976,0.221
Japan,JPN,1977,-12.707
Japan,JPN,1978,-4.003
Japan,JPN,1979,15.27
Japan,JPN,1980,9.349
Japan,JPN,1981,-0.791
Japan,JPN,1982,-6.836
Japan,JPN,1983,3.268
Japan,JPN,1984,-15.018
Japan,JPN,1985,15.718
Japan,JPN,1986,-2.483
Japan,JPN,1987,-7.46
Japan,JPN,1988,20.731
Japan,JPN,1989,1.606
Japan,JPN,1990,-5.282
Japan,JPN,1991,8.655
Japan,JPN,1992,-15.22
Japan,JPN,1993,15.658
Japan,JPN,1994,-30.372
Japan,JPN,1995,22.232
Japan,JPN,1996,-2.056
Japan,JPN,1997,12.008
Japan,JPN,1998,3.053
Japan,JPN,1999,-5.935
Japan,JPN,2000,0.807
Japan,JPN,2001,-4.097
Japan,JPN,2002,-1.787
Japan,JPN,2003,13.994
Japan,JPN,2004,-1.502
Japan,JPN,2005,-15.923
Japan,JPN,2006,13.779
Japan,JPN,2007,-16.624
Japan,JPN,2008,0.252
Japan,JPN,2009,-6.829
Japan,JPN,2010,24.825
Japan,JPN,2011,-7.366
Japan,JPN,2012,-7.097
Japan,JPN,2013,2.275
Japan,JPN,2014,2.38
Japan,JPN,2015,4.34
Japan,JPN,2016,-14.141
Japan,JPN,2017,6.349
Japan,JPN,2018,1.614
Japan,JPN,2019,-9.065
Kazakhstan,KAZ,1986,-8.227
Kazakhstan,KAZ,1987,19.871
Kazakhstan,KAZ,1988,21.974
Kazakhstan,KAZ,1989,4.298
Kazakhstan,KAZ,1990,1.015
Kazakhstan,KAZ,1991,-2.254
Kazakhstan,KAZ,1992,-4.639
Kazakhstan,KAZ,1993,11.113
Kazakhstan,KAZ,1994,20.317
Kazakhstan,KAZ,1995,-9.238
Kazakhstan,KAZ,1996,-12.003
Kazakhstan,KAZ,1997,-11.349
Kazakhstan,KAZ,1998,-5.509
Kazakhstan,KAZ,1999,-0.147
Kazakhstan,KAZ,2000,22.816
Kazakhstan,KAZ,2001,6.607
Kazakhstan,KAZ,2002,9.294
Kazakhstan,KAZ,2003,-3.603
Kazakhstan,KAZ,2004,-7.179
Kazakhstan,KAZ,2005,-3.108
Kazakhstan,KAZ,2006,-1.741
Kazakhstan,KAZ,2007,4.535
Kazakhstan,KAZ,2008,-9.275
Kazakhstan,KAZ,2009,-8.354
Kazakhstan,KAZ,2010,15.899
Kazakhstan,KAZ,2011,-2.328
Kazakhstan,KAZ,2012,-3.708
Kazakhstan,KAZ,2013,0.614
Kazakhstan,KAZ,2014,6.242
Kazakhstan,KAZ,2015,11.512
Kazakhstan,KAZ,2016,24.628
Kazakhstan,KAZ,2017,-4.101
Kazakhstan,KAZ,2018,-7.98
Kazakhstan,KAZ,2019,-4.109
Latvia,LVA,1986,0.742
Latvia,LVA,1987,23.27
Latvia,LVA,1988,-18.877
Latvia,LVA,1989,20.177
Latvia,LVA,1990,24.673
Latvia,LVA,1991,-27.157
Latvia,LVA,1992,-23.023
Latvia,LVA,1993,14.082
Latvia,LVA,1994,14.917
Latvia,LVA,1995,-11.135
Latvia,LVA,1996,-36.67
Latvia,LVA,1997,58.763
Latvia,LVA,1998,46.156
Latvia,LVA,1999,-36.121
Latvia,LVA,2000,2.249
Latvia,LVA,2001,-0.156
Latvia,LVA,2002,-13.586
Latvia,LVA,2003,-8.625
Latvia,LVA,2004,36.328
Latvia,LVA,2005,6.303
Latvia,LVA,2006,-19.392
Latvia,LVA,2007,0.664
Latvia,LVA,2008,13.051
Latvia,LVA,2009,10.507
Latvia,LVA,2010,1.198
Latvia,LVA,2011,-18.483
Latvia,LVA,2012,27.384
Latvia,LVA,2013,-21.771
Latvia,LVA,2014,-31.935
Latvia,LVA,2015,-6.877
Latvia,LVA,2016,34.584
Latvia,LVA,2017,72.197
Latvia,LVA,2018,-44.817
Latvia,LVA,2019,-13.636
Lithuania,LTU,1986,-2.247
Lithuania,LTU,1987,-5.747
Lithuania,LTU,1988,6.098
Lithuania,LTU,1989,0
Lithuania,LTU,1990,7.676
Lithuania,LTU,1991,-18.357
Lithuania,LTU,1992,-7.988
Lithuania,LTU,1993,26.367
Lithuania,LTU,1994,15.013
Lithuania,LTU,1995,-17.478
Lithuania,LTU,1996,-12.601
Lithuania,LTU,1997,-9.509
Lithuania,LTU,1998,41.356
Lithuania,LTU,1999,-0.719
Lithuania,LTU,2000,-18.043
Lithuania,LTU,2001,-4.69
Lithuania,LTU,2002,7.81
Lithuania,LTU,2003,-8.546
Lithuania,LTU,2004,28.521
Lithuania,LTU,2005,6.504
Lithuania,LTU,2006,-12.447
Lithuania,LTU,2007,5.256
Lithuania,LTU,2008,-5.04
Lithuania,LTU,2009,4.922
Lithuania,LTU,2010,26.488
Lithuania,LTU,2011,-11.672
Lithuania,LTU,2012,-12.536
Lithuania,LTU,2013,22.676
Lithuania,LTU,2014,-24.057
Lithuania,LTU,2015,-12.728
Lithuania,LTU,2016,29.066
Lithuania,LTU,2017,31.936
Lithuania,LTU,2018,-25.736
Lithuania,LTU,2019,-23.395
Luxembourg,LUX,1966,-10.014
Luxembourg,LUX,1967,12.858
Luxembourg,LUX,1968,2.137
Luxembourg,LUX,1969,-12.981
Luxembourg,LUX,1970,10.535
Luxembourg,LUX,1971,-43.478
Luxembourg,LUX,1972,17.919
Luxembourg,LUX,1973,-11.71
Luxembourg,LUX,1974,47.713
Luxembourg,LUX,1975,-13.603
Luxembourg,LUX,1976,-36.993
Luxembourg,LUX,1977,92.737
Luxembourg,LUX,1978,-4.859
Luxembourg,LUX,1979,9.158
Luxembourg,LUX,1980,5.616
Luxembourg,LUX,1981,6.911
Luxembourg,LUX,1982,-11.206
Luxembourg,LUX,1983,-1.389
Luxembourg,LUX,1984,6.41
Luxembourg,LUX,1985,-18.97
Luxembourg,LUX,1986,23.674
Luxembourg,LUX,1987,16.25
Luxembourg,LUX,1988,-8.104
Luxembourg,LUX,1989,-23.819
Luxembourg,LUX,1990,-0.091
Luxembourg,LUX,1991,20
Luxembourg,LUX,1992,-16.667
Luxembourg,LUX,1993,-4.286
Luxembourg,LUX,1994,28.358
Luxembourg,LUX,1995,2.326
Luxembourg,LUX,1996,-31.818
Luxembourg,LUX,1997,38.333
Luxembourg,LUX,1998,38.554
Luxembourg,LUX,1999,-26.087
Luxembourg,LUX,2000,45.299
Luxembourg,LUX,2001,-5.051
Luxembourg,LUX,2002,-16.05
Luxembourg,LUX,2003,-20.876
Luxembourg,LUX,2004,30.188
Luxembourg,LUX,2005,-11.251
Luxembourg,LUX,2006,19.016
Luxembourg,LUX,2007,4.187
Luxembourg,LUX,2008,12.503
Luxembourg,LUX,2009,-20.383
Luxembourg,LUX,2010,1.097
Luxembourg,LUX,2011,-41.84
Luxembourg,LUX,2012,55.089
Luxembourg,LUX,2013,20.523
Luxembourg,LUX,2014,-10.112
Luxembourg,LUX,2015,-8.466
Luxembourg,LUX,2016,15.592
Luxembourg,LUX,2017,-26.224
Luxembourg,LUX,2018,7.69
Luxembourg,LUX,2019,13.971
Malaysia,MYS,1966,17.888
Malaysia,MYS,1967,4.769
Malaysia,MYS,1968,10.897
Malaysia,MYS,1969,26.119
Malaysia,MYS,1970,18.54
Malaysia,MYS,1971,-12.978
Malaysia,MYS,1972,10.325
Malaysia,MYS,1973,-3.986
Malaysia,MYS,1974,-9.206
Malaysia,MYS,1975,-0.099
Malaysia,MYS,1976,-5.672
Malaysia,MYS,1977,-18.882
Malaysia,MYS,1978,17.549
Malaysia,MYS,1979,22.078
Malaysia,MYS,1980,27.66
Malaysia,MYS,1981,10.833
Malaysia,MYS,1982,-3.759
Malaysia,MYS,1983,16.406
Malaysia,MYS,1984,97.315
Malaysia,MYS,1985,9.184
Malaysia,MYS,1986,9.346
Malaysia,MYS,1987,20.513
Malaysia,MYS,1988,15.366
Malaysia,MYS,1989,-7.582
Malaysia,MYS,1990,-23.947
Malaysia,MYS,1991,10.496
Malaysia,MYS,1992,-3.671
Malaysia,MYS,1993,13.229
Malaysia,MYS,1994,33.587
Malaysia,MYS,1995,-4.088
Malaysia,MYS,1996,-16.629
Malaysia,MYS,1997,-19.502
Malaysia,MYS,1998,6.806
Malaysia,MYS,1999,69.441
Malaysia,MYS,2000,-7.389
Malaysia,MYS,2001,-13.832
Malaysia,MYS,2002,-11.308
Malaysia,MYS,2003,-6.604
Malaysia,MYS,2004,8.792
Malaysia,MYS,2005,7.105
Malaysia,MYS,2006,4.599
Malaysia,MYS,2007,-6.377
Malaysia,MYS,2008,30.242
Malaysia,MYS,2009,-12.291
Malaysia,MYS,2010,-8.244
Malaysia,MYS,2011,25.875
Malaysia,MYS,2012,14.138
Malaysia,MYS,2013,26.771
Malaysia,MYS,2014,12.791
Malaysia,MYS,2015,3.385
Malaysia,MYS,2016,42.958
Malaysia,MYS,2017,33.28
Malaysia,MYS,2018,-1.974
Malaysia,MYS,2019,1.793
Mexico,MEX,1966,14.16
Mexico,MEX,1967,8.885
Mexico,MEX,1968,14.75
Mexico,MEX,1969,6.043
Mexico,MEX,1970,11.927
Mexico,MEX,1971,-2.886
Mexico,MEX,1972,6.581
Mexico,MEX,1973,5.409
Mexico,MEX,1974,2.059
Mexico,MEX,1975,-9.133
Mexico,MEX,1976,13.654
Mexico,MEX,1977,11.232
Mexico,MEX,1978,-15.506
Mexico,MEX,1979,11.044
Mexico,MEX,1980,-6.097
Mexico,MEX,1981,45.582
Mexico,MEX,1982,-6.881
Mexico,MEX,1983,-9.558
Mexico,MEX,1984,13.843
Mexico,MEX,1985,20.439
Mexico,MEX,1986,-25.081
Mexico,MEX,1987,-9.449
Mexico,MEX,1988,13.227
Mexico,MEX,1989,16.111
Mexico,MEX,1990,-3.444
Mexico,MEX,1991,-7.58
Mexico,MEX,1992,18.512
Mexico,MEX,1993,-0.592
Mexico,MEX,1994,-23.949
Mexico,MEX,1995,36.146
Mexico,MEX,1996,13.543
Mexico,MEX,1997,-15.874
Mexico,MEX,1998,-6.711
Mexico,MEX,1999,33.015
Mexico,MEX,2000,1.108
Mexico,MEX,2001,-14.586
Mexico,MEX,2002,-13.132
Mexico,MEX,2003,-20.661
Mexico,MEX,2004,26.011
Mexico,MEX,2005,9.365
Mexico,MEX,2006,9.187
Mexico,MEX,2007,-10.765
Mexico,MEX,2008,42.578
Mexico,MEX,2009,-32.294
Mexico,MEX,2010,38.201
Mexico,MEX,2011,-2.984
Mexico,MEX,2012,-12.553
Mexico,MEX,2013,-12.717
Mexico,MEX,2014,37.966
Mexico,MEX,2015,-21.045
Mexico,MEX,2016,-1.217
Mexico,MEX,2017,3.137
Mexico,MEX,2018,1.406
Mexico,MEX,2019,-27.036
Morocco,MAR,1966,-13.108
Morocco,MAR,1967,-11.575
Morocco,MAR,1968,13.519
Morocco,MAR,1969,29.301
Morocco,MAR,1970,-1.608
Morocco,MAR,1971,12.927
Morocco,MAR,1972,5
Morocco,MAR,1973,-25.313
Morocco,MAR,1974,12.164
Morocco,MAR,1975,-24.009
Morocco,MAR,1976,-1.772
Morocco,MAR,1977,36.774
Morocco,MAR,1978,3.736
Morocco,MAR,1979,11.723
Morocco,MAR,1980,-4.235
Morocco,MAR,1981,-32.409
Morocco,MAR,1982,-44.141
Morocco,MAR,1983,-15.909
Morocco,MAR,1984,-23.909
Morocco,MAR,1985,32.787
Morocco,MAR,1986,32.305
Morocco,MAR,1987,28.305
Morocco,MAR,1988,13.455
Morocco,MAR,1989,23.611
Morocco,MAR,1990,5.445
Morocco,MAR,1991,0.492
Morocco,MAR,1992,-21.37
Morocco,MAR,1993,-54.046
Morocco,MAR,1994,89.616
Morocco,MAR,1995,-27.262
Morocco,MAR,1996,220.295
Morocco,MAR,1997,6.438
Morocco,MAR,1998,-14.69
Morocco,MAR,1999,-53.573
Morocco,MAR,2000,-12.97
Morocco,MAR,2001,19.318
Morocco,MAR,2002,-2.984
Morocco,MAR,2003,70.127
Morocco,MAR,2004,9.673
Morocco,MAR,2005,-39.76
Morocco,MAR,2006,1.205
Morocco,MAR,2007,-8.767
Morocco,MAR,2008,0.899
Morocco,MAR,2009,178.712
Morocco,MAR,2010,34.195
Morocco,MAR,2011,-42.523
Morocco,MAR,2012,-19.163
Morocco,MAR,2013,69.726
Morocco,MAR,2014,-41.559
Morocco,MAR,2015,14.436
Morocco,MAR,2016,-33.779
Morocco,MAR,2017,-6.208
Morocco,MAR,2018,42.105
Morocco,MAR,2019,-25.706
Netherlands,NLD,1986,0
Netherlands,NLD,1987,-66.667
Netherlands,NLD,1988,100
Netherlands,NLD,1989,1750
Netherlands,NLD,1990,129.73
Netherlands,NLD,1991,22.353
Netherlands,NLD,1992,15.385
Netherlands,NLD,1993,-23.333
Netherlands,NLD,1994,8.696
Netherlands,NLD,1995,-12
Netherlands,NLD,1996,-9.091
Netherlands,NLD,1997,15
Netherlands,NLD,1998,22.076
Netherlands,NLD,1999,-19.643
Netherlands,NLD,2000,57.778
Netherlands,NLD,2001,-18.14
Netherlands,NLD,2002,-7.156
Netherlands,NLD,2003,-34.728
Netherlands,NLD,2004,32.072
Netherlands,NLD,2005,-8.659
Netherlands,NLD,2006,18.792
Netherlands,NLD,2007,1.076
Netherlands,NLD,2008,-7.123
Netherlands,NLD,2009,-3.378
Netherlands,NLD,2010,6.486
Netherlands,NLD,2011,-45.614
Netherlands,NLD,2012,82.027
Netherlands,NLD,2013,8.847
Netherlands,NLD,2014,-2.674
Netherlands,NLD,2015,-17.403
Netherlands,NLD,2016,6.975
Netherlands,NLD,2017,-39.648
Netherlands,NLD,2018,18.381
Netherlands,NLD,2019,2.157
New Zealand,NZL,1966,7.852
New Zealand,NZL,1967,3.845
New Zealand,NZL,1968,4.923
New Zealand,NZL,1969,-1.164
New Zealand,NZL,1970,8.887
New Zealand,NZL,1971,13.603
New Zealand,NZL,1972,6.049
New Zealand,NZL,1973,-1.1
New Zealand,NZL,1974,0.611
New Zealand,NZL,1975,9.709
New Zealand,NZL,1976,-6.989
New Zealand,NZL,1977,-5.025
New Zealand,NZL,1978,6.382
New Zealand,NZL,1979,17.777
New Zealand,NZL,1980,4.995
New Zealand,NZL,1981,1.627
New Zealand,NZL,1982,-6.991
New Zealand,NZL,1983,7.908
New Zealand,NZL,1984,3.166
New Zealand,NZL,1985,-3.283
New Zealand,NZL,1986,12.126
New Zealand,NZL,1987,-0.765
New Zealand,NZL,1988,4.716
New Zealand,NZL,1989,-1.758
New Zealand,NZL,1990,2.777
New Zealand,NZL,1991,-1.254
New Zealand,NZL,1992,-7.87
New Zealand,NZL,1993,11.379
New Zealand,NZL,1994,9.978
New Zealand,NZL,1995,6.571
New Zealand,NZL,1996,-4.91
New Zealand,NZL,1997,-11.171
New Zealand,NZL,1998,8.862
New Zealand,NZL,1999,-9.478
New Zealand,NZL,2000,6.612
New Zealand,NZL,2001,-11.846
New Zealand,NZL,2002,13.982
New Zealand,NZL,2003,-5.635
New Zealand,NZL,2004,14.578
New Zealand,NZL,2005,-14.905
New Zealand,NZL,2006,0.418
New Zealand,NZL,2007,-0.341
New Zealand,NZL,2008,-6.057
New Zealand,NZL,2009,7.699
New Zealand,NZL,2010,1.476
New Zealand,NZL,2011,0.934
New Zealand,NZL,2012,-9.37
New Zealand,NZL,2013,-0.028
New Zealand,NZL,2014,4.965
New Zealand,NZL,2015,0.271
New Zealand,NZL,2016,5.052
New Zealand,NZL,2017,-3.438
New Zealand,NZL,2018,3.798
New Zealand,NZL,2019,-3.038
North America,,1966,4.642
North America,,1967,9.121
North America,,1968,1.299
North America,,1969,11.426
North America,,1970,1.562
North America,,1971,5.31
North America,,1972,5.92
North America,,1973,2.806
North America,,1974,9.284
North America,,1975,-2.019
North America,,1976,-0.783
North America,,1977,-10.499
North America,,1978,15.607
North America,,1979,1.909
North America,,1980,0.364
North America,,1981,1.288
North America,,1982,7.019
North America,,1983,4.883
North America,,1984,1.911
North America,,1985,-2.834
North America,,1986,1.559
North America,,1987,-6.043
North America,,1988,-5.626
North America,,1989,5.895
North America,,1990,3.711
North America,,1991,0.781
North America,,1992,-3.858
North America,,1993,5.848
North America,,1994,-3.288
North America,,1995,10.768
North America,,1996,9.006
North America,,1997,-0.336
North America,,1998,-7.313
North America,,1999,2.475
North America,,2000,-4.569
North America,,2001,-14.504
North America,,2002,10.177
North America,,2003,-1.637
North America,,2004,-0.61
North America,,2005,4.122
North America,,2006,1.307
North America,,2007,-5.212
North America,,2008,4.014
North America,,2009,-0.74
North America,,2010,-3.762
North America,,2011,12.052
North America,,2012,-6.323
North America,,2013,-0.58
North America,,2014,-1.933
North America,,2015,-3.18
North America,,2016,2.476
North America,,2017,5.75
North America,,2018,-2.697
North America,,2019,-4.725
North Macedonia,MKD,1991,72.709
North Macedonia,MKD,1992,0
North Macedonia,MKD,1993,-38.443
North Macedonia,MKD,1994,33.142
North Macedonia,MKD,1995,15.252
North Macedonia,MKD,1996,6.117
North Macedonia,MKD,1997,5.882
North Macedonia,MKD,1998,20.333
North Macedonia,MKD,1999,28.255
North Macedonia,MKD,2000,-15.767
North Macedonia,MKD,2001,-46.843
North Macedonia,MKD,2002,20.146
North Macedonia,MKD,2003,80.342
North Macedonia,MKD,2004,7.173
North Macedonia,MKD,2005,0.038
North Macedonia,MKD,2006,9.894
North Macedonia,MKD,2007,-39.17
North Macedonia,MKD,2008,-17.348
North Macedonia,MKD,2009,50.257
North Macedonia,MKD,2010,90.243
North Macedonia,MKD,2011,-41.412
North Macedonia,MKD,2012,-27.795
North Macedonia,MKD,2013,51.242
North Macedonia,MKD,2014,-24.277
North Macedonia,MKD,2015,53.656
North Macedonia,MKD,2016,1.122
North Macedonia,MKD,2017,-41.827
North Macedonia,MKD,2018,60.4
North Macedonia,MKD,2019,-35.279
Norway,NOR,1966,-1.432
Norway,NOR,1967,9.349
Norway,NOR,1968,12.953
Norway,NOR,1969,-4.707
Norway,NOR,1970,0.762
Norway,NOR,1971,9.405
Norway,NOR,1972,6.597
Norway,NOR,1973,8.084
Norway,NOR,1974,5.119
Norway,NOR,1975,0.957
Norway,NOR,1976,5.952
Norway,NOR,1977,-12.096
Norway,NOR,1978,12.057
Norway,NOR,1979,9.903
Norway,NOR,1980,-5.733
Norway,NOR,1981,11.028
Norway,NOR,1982,-0.361
Norway,NOR,1983,14.259
Norway,NOR,1984,0.203
Norway,NOR,1985,-3.324
Norway,NOR,1986,-6.038
Norway,NOR,1987,7.351
Norway,NOR,1988,5.407
Norway,NOR,1989,8.767
Norway,NOR,1990,2.318
Norway,NOR,1991,-9.089
Norway,NOR,1992,5.935
Norway,NOR,1993,2.196
Norway,NOR,1994,-6.366
Norway,NOR,1995,8.856
Norway,NOR,1996,-14.538
Norway,NOR,1997,5.693
Norway,NOR,1998,5.4
Norway,NOR,1999,4.969
Norway,NOR,2000,16.769
Norway,NOR,2001,-15.61
Norway,NOR,2002,6.703
Norway,NOR,2003,-18.99
Norway,NOR,2004,2.473
Norway,NOR,2005,23.946
Norway,NOR,2006,-12.58
Norway,NOR,2007,11.269
Norway,NOR,2008,3.385
Norway,NOR,2009,-10.453
Norway,NOR,2010,-7.383
Norway,NOR,2011,2.405
Norway,NOR,2012,17.115
Norway,NOR,2013,-10.129
Norway,NOR,2014,5.052
Norway,NOR,2015,0.772
Norway,NOR,2016,3.112
Norway,NOR,2017,-0.911
Norway,NOR,2018,-2.66
Norway,NOR,2019,-10.214
Pakistan,PAK,1966,0
Pakistan,PAK,1967,18.511
Pakistan,PAK,1968,20.204
Pakistan,PAK,1969,5.508
Pakistan,PAK,1970,-11.513
Pakistan,PAK,1971,30.56
Pakistan,PAK,1972,5.214
Pakistan,PAK,1973,5.507
Pakistan,PAK,1974,0.522
Pakistan,PAK,1975,15.057
Pakistan,PAK,1976,8.574
Pakistan,PAK,1977,18.786
Pakistan,PAK,1978,24.143
Pakistan,PAK,1979,8.117
Pakistan,PAK,1980,4.849
Pakistan,PAK,1981,4.426
Pakistan,PAK,1982,12.524
Pakistan,PAK,1983,15.827
Pakistan,PAK,1984,3.654
Pakistan,PAK,1985,3.877
Pakistan,PAK,1986,-4.377
Pakistan,PAK,1987,31.476
Pakistan,PAK,1988,4.831
Pakistan,PAK,1989,1.622
Pakistan,PAK,1990,-2.052
Pakistan,PAK,1991,7.01
Pakistan,PAK,1992,9.089
Pakistan,PAK,1993,9.971
Pakistan,PAK,1994,-1.854
Pakistan,PAK,1995,5.666
Pakistan,PAK,1996,9.015
Pakistan,PAK,1997,-25.61
Pakistan,PAK,1998,30.69
Pakistan,PAK,1999,-10.797
Pakistan,PAK,2000,-18.352
Pakistan,PAK,2001,3.502
Pakistan,PAK,2002,10.901
Pakistan,PAK,2003,19.7
Pakistan,PAK,2004,5.901
Pakistan,PAK,2005,16.362
Pakistan,PAK,2006,-2.081
Pakistan,PAK,2007,4.066
Pakistan,PAK,2008,-14.235
Pakistan,PAK,2009,4.496
Pakistan,PAK,2010,3.066
Pakistan,PAK,2011,2.006
Pakistan,PAK,2012,-65.087
Pakistan,PAK,2013,359.285
Pakistan,PAK,2014,-35.4
Pakistan,PAK,2015,0.94
Pakistan,PAK,2016,5
Pakistan,PAK,2017,-12.035
Pakistan,PAK,2018,-5.495
Pakistan,PAK,2019,21.84
Peru,PER,1966,7.695
Peru,PER,1967,12.062
Peru,PER,1968,7.323
Peru,PER,1969,8.853
Peru,PER,1970,-4.458
Peru,PER,1971,21.21
Peru,PER,1972,3.476
Peru,PER,1973,7.531
Peru,PER,1974,9.373
Peru,PER,1975,4.812
Peru,PER,1976,5.963
Peru,PER,1977,4.005
Peru,PER,1978,2.772
Peru,PER,1979,8.253
Peru,PER,1980,4.58
Peru,PER,1981,14.066
Peru,PER,1982,5.003
Peru,PER,1983,-3.442
Peru,PER,1984,7.352
Peru,PER,1985,7.802
Peru,PER,1986,7.227
Peru,PER,1987,8.131
Peru,PER,1988,-4.183
Peru,PER,1989,0.806
Peru,PER,1990,-0.362
Peru,PER,1991,9.772
Peru,PER,1992,-15.689
Peru,PER,1993,21.777
Peru,PER,1994,8.035
Peru,PER,1995,1.495
Peru,PER,1996,2.984
Peru,PER,1997,-0.819
Peru,PER,1998,4.494
Peru,PER,1999,5.303
Peru,PER,2000,11.248
Peru,PER,2001,8.187
Peru,PER,2002,1.754
Peru,PER,2003,2.078
Peru,PER,2004,-6.043
Peru,PER,2005,1.928
Peru,PER,2006,8.311
Peru,PER,2007,-0.856
Peru,PER,2008,-3.108
Peru,PER,2009,3.785
Peru,PER,2010,0.127
Peru,PER,2011,6.851
Peru,PER,2012,1.582
Peru,PER,2013,0.696
Peru,PER,2014,-1.084
Peru,PER,2015,6.012
Peru,PER,2016,-0.008
Peru,PER,2017,21.31
Peru,PER,2018,5.101
Peru,PER,2019,2.382
Philippines,PHL,1966,-1.935
Philippines,PHL,1967,10.526
Philippines,PHL,1968,2.381
Philippines,PHL,1969,5.523
Philippines,PHL,1970,15.537
Philippines,PHL,1971,-7.821
Philippines,PHL,1972,14.175
Philippines,PHL,1973,7.567
Philippines,PHL,1974,-13.606
Philippines,PHL,1975,10.775
Philippines,PHL,1976,23.019
Philippines,PHL,1977,-24.365
Philippines,PHL,1978,32.971
Philippines,PHL,1979,2.49
Philippines,PHL,1980,22.249
Philippines,PHL,1981,5.764
Philippines,PHL,1982,1.289
Philippines,PHL,1983,5.168
Philippines,PHL,1984,33.014
Philippines,PHL,1985,5.21
Philippines,PHL,1986,8.356
Philippines,PHL,1987,-12.797
Philippines,PHL,1988,19.383
Philippines,PHL,1989,3.528
Philippines,PHL,1990,-6.523
Philippines,PHL,1991,-15.127
Philippines,PHL,1992,-13.703
Philippines,PHL,1993,13.288
Philippines,PHL,1994,16.541
Philippines,PHL,1995,6.312
Philippines,PHL,1996,12.805
Philippines,PHL,1997,-13.67
Philippines,PHL,1998,-16.527
Philippines,PHL,1999,54.757
Philippines,PHL,2000,-0.523
Philippines,PHL,2001,-9.503
Philippines,PHL,2002,-1.639
Philippines,PHL,2003,11.182
Philippines,PHL,2004,8.49
Philippines,PHL,2005,-3.014
Philippines,PHL,2006,17.768
Philippines,PHL,2007,-14.382
Philippines,PHL,2008,14.223
Philippines,PHL,2009,-1.172
Philippines,PHL,2010,-20.761
Philippines,PHL,2011,23.515
Philippines,PHL,2012,5.078
Philippines,PHL,2013,-2.86
Philippines,PHL,2014,-9.349
Philippines,PHL,2015,-5.732
Philippines,PHL,2016,-6.949
Philippines,PHL,2017,17.727
Philippines,PHL,2018,-2.877
Philippines,PHL,2019,2.543
Poland,POL,1966,0
Poland,POL,1967,6.808
Poland,POL,1968,5.016
Poland,POL,1969,-19.403
Poland,POL,1970,118.642
Poland,POL,1971,-11.406
Poland,POL,1972,-4.207
Poland,POL,1973,-3.127
Poland,POL,1974,45.742
Poland,POL,1975,-6.221
Poland,POL,1976,-17.337
Poland,POL,1977,18.967
Poland,POL,1978,-0.307
Poland,POL,1979,-7.381
Poland,POL,1980,29.994
Poland,POL,1981,-9.025
Poland,POL,1982,-27.796
Poland,POL,1983,8.555
Poland,POL,1984,-15.94
Poland,POL,1985,31.534
Poland,POL,1986,-16.361
Poland,POL,1987,7.23
Poland,POL,1988,7.947
Poland,POL,1989,-10.262
Poland,POL,1990,-11.933
Poland,POL,1991,0.565
Poland,POL,1992,5.754
Poland,POL,1993,-1.261
Poland,POL,1994,16.465
Poland,POL,1995,8.886
Poland,POL,1996,2.332
Poland,POL,1997,1.554
Poland,POL,1998,17.746
Poland,POL,1999,-6.67
Poland,POL,2000,-2.274
Poland,POL,2001,9.682
Poland,POL,2002,-2.611
Poland,POL,2003,-27.148
Poland,POL,2004,23.802
Poland,POL,2005,5.047
Poland,POL,2006,-7.807
Poland,POL,2007,14.461
Poland,POL,2008,-9.029
Poland,POL,2009,9.63
Poland,POL,2010,22.193
Poland,POL,2011,-20.624
Poland,POL,2012,-13.179
Poland,POL,2013,19.014
Poland,POL,2014,-11.032
Poland,POL,2015,-16.578
Poland,POL,2016,16.067
Poland,POL,2017,18.978
Poland,POL,2018,-23.497
Poland,POL,2019,-1.178
Portugal,PRT,1966,32.73
Portugal,PRT,1967,3.886
Portugal,PRT,1968,-5.346
Portugal,PRT,1969,21.646
Portugal,PRT,1970,-8.034
Portugal,PRT,1971,6.306
Portugal,PRT,1972,14.846
Portugal,PRT,1973,3.373
Portugal,PRT,1974,6.867
Portugal,PRT,1975,-18.114
Portugal,PRT,1976,-25.32
Portugal,PRT,1977,108.189
Portugal,PRT,1978,8.479
Portugal,PRT,1979,3.718
Portugal,PRT,1980,-28.52
Portugal,PRT,1981,-37.38
Portugal,PRT,1982,37.896
Portugal,PRT,1983,15.966
Portugal,PRT,1984,21.667
Portugal,PRT,1985,9.503
Portugal,PRT,1986,-20.378
Portugal,PRT,1987,7.505
Portugal,PRT,1988,33.65
Portugal,PRT,1989,-52.432
Portugal,PRT,1990,57.364
Portugal,PRT,1991,-1.245
Portugal,PRT,1992,-48.623
Portugal,PRT,1993,83.771
Portugal,PRT,1994,24.83
Portugal,PRT,1995,-21.721
Portugal,PRT,1996,76.927
Portugal,PRT,1997,-11.219
Portugal,PRT,1998,-0.931
Portugal,PRT,1999,-43.88
Portugal,PRT,2000,55.408
Portugal,PRT,2001,23.138
Portugal,PRT,2002,-44.779
Portugal,PRT,2003,100.285
Portugal,PRT,2004,-37.632
Portugal,PRT,2005,-52.365
Portugal,PRT,2006,129.345
Portugal,PRT,2007,-8.743
Portugal,PRT,2008,-32.614
Portugal,PRT,2009,21.104
Portugal,PRT,2010,93.711
Portugal,PRT,2011,-28.996
Portugal,PRT,2012,-51.561
Portugal,PRT,2013,142.748
Portugal,PRT,2014,12.715
Portugal,PRT,2015,-44.705
Portugal,PRT,2016,80.474
Portugal,PRT,2017,-62.715
Portugal,PRT,2018,108.929
Portugal,PRT,2019,-29.736
Romania,ROU,1966,2.985
Romania,ROU,1967,42.609
Romania,ROU,1968,5.827
Romania,ROU,1969,41.933
Romania,ROU,1970,25.079
Romania,ROU,1971,62.099
Romania,ROU,1972,63.359
Romania,ROU,1973,2.778
Romania,ROU,1974,12.31
Romania,ROU,1975,10.441
Romania,ROU,1976,-13.396
Romania,ROU,1977,15.271
Romania,ROU,1978,13.579
Romania,ROU,1979,6.831
Romania,ROU,1980,11.447
Romania,ROU,1981,0.791
Romania,ROU,1982,-6.933
Romania,ROU,1983,-15.32
Romania,ROU,1984,12.831
Romania,ROU,1985,12.246
Romania,ROU,1986,-14.969
Romania,ROU,1987,3.691
Romania,ROU,1988,31.823
Romania,ROU,1989,-7.431
Romania,ROU,1990,-16.574
Romania,ROU,1991,27.842
Romania,ROU,1992,-19.797
Romania,ROU,1993,9.128
Romania,ROU,1994,2.177
Romania,ROU,1995,27.955
Romania,ROU,1996,-5.619
Romania,ROU,1997,11.133
Romania,ROU,1998,7.825
Romania,ROU,1999,-3.12
Romania,ROU,2000,-19.202
Romania,ROU,2001,0.325
Romania,ROU,2002,6.832
Romania,ROU,2003,-17.899
Romania,ROU,2004,23.749
Romania,ROU,2005,21.596
Romania,ROU,2006,-9.732
Romania,ROU,2007,-13.564
Romania,ROU,2008,7.029
Romania,ROU,2009,-10.217
Romania,ROU,2010,27.211
Romania,ROU,2011,-26.378
Romania,ROU,2012,-18.571
Romania,ROU,2013,21.866
Romania,ROU,2014,24.464
Romania,ROU,2015,-10.74
Romania,ROU,2016,7.746
Romania,ROU,2017,-20.076
Romania,ROU,2018,21.158
Romania,ROU,2019,-12.954
Russia,RUS,1986,2.883
Russia,RUS,1987,-1.097
Russia,RUS,1988,-0.987
Russia,RUS,1989,-0.744
Russia,RUS,1990,4.457
Russia,RUS,1991,0.748
Russia,RUS,1992,2.677
Russia,RUS,1993,0.982
Russia,RUS,1994,0.939
Russia,RUS,1995,0.187
Russia,RUS,1996,-12.451
Russia,RUS,1997,2.025
Russia,RUS,1998,0.675
Russia,RUS,1999,1.259
Russia,RUS,2000,2.233
Russia,RUS,2001,5.299
Russia,RUS,2002,-7.344
Russia,RUS,2003,-4.626
Russia,RUS,2004,12.133
Russia,RUS,2005,-2.367
Russia,RUS,2006,-0.241
Russia,RUS,2007,1.531
Russia,RUS,2008,-7.506
Russia,RUS,2009,5.064
Russia,RUS,2010,-5.015
Russia,RUS,2011,-2.657
Russia,RUS,2012,-0.363
Russia,RUS,2013,10.159
Russia,RUS,2014,-4.855
Russia,RUS,2015,-3.692
Russia,RUS,2016,9.242
Russia,RUS,2017,-0.291
Russia,RUS,2018,2.355
Russia,RUS,2019,1.585
Slovakia,SVK,1966,-4.175
Slovakia,SVK,1967,-14.315
Slovakia,SVK,1968,-8.232
Slovakia,SVK,1969,-22.164
Slovakia,SVK,1970,50.847
Slovakia,SVK,1971,-24.948
Slovakia,SVK,1972,4.743
Slovakia,SVK,1973,-14.489
Slovakia,SVK,1974,68.154
Slovakia,SVK,1975,-9.942
Slovakia,SVK,1976,0.849
Slovakia,SVK,1977,19.267
Slovakia,SVK,1978,-6.188
Slovakia,SVK,1979,-16.6
Slovakia,SVK,1980,19.798
Slovakia,SVK,1981,-12.893
Slovakia,SVK,1982,-12.208
Slovakia,SVK,1983,6.141
Slovakia,SVK,1984,-15.12
Slovakia,SVK,1985,36.141
Slovakia,SVK,1986,-20.879
Slovakia,SVK,1987,15.343
Slovakia,SVK,1988,-9.161
Slovakia,SVK,1989,11.795
Slovakia,SVK,1990,-4.179
Slovakia,SVK,1991,-25.106
Slovakia,SVK,1992,37.571
Slovakia,SVK,1993,78.988
Slovakia,SVK,1994,25.613
Slovakia,SVK,1995,12.055
Slovakia,SVK,1996,-13.381
Slovakia,SVK,1997,-3.856
Slovakia,SVK,1998,4.995
Slovakia,SVK,1999,4.851
Slovakia,SVK,2000,3.152
Slovakia,SVK,2001,6.067
Slovakia,SVK,2002,6.231
Slovakia,SVK,2003,-37.986
Slovakia,SVK,2004,20.668
Slovakia,SVK,2005,12.482
Slovakia,SVK,2006,-5.905
Slovakia,SVK,2007,0.327
Slovakia,SVK,2008,-6.118
Slovakia,SVK,2009,7.758
Slovakia,SVK,2010,14.499
Slovakia,SVK,2011,-29.088
Slovakia,SVK,2012,9.503
Slovakia,SVK,2013,17.65
Slovakia,SVK,2014,-9.504
Slovakia,SVK,2015,-6.395
Slovakia,SVK,2016,4.15
Slovakia,SVK,2017,0.882
Slovakia,SVK,2018,-17.461
Slovakia,SVK,2019,17.865
Slovenia,SVN,1991,21.318
Slovenia,SVN,1992,-5.127
Slovenia,SVN,1993,-11.335
Slovenia,SVN,1994,11.993
Slovenia,SVN,1995,-4.325
Slovenia,SVN,1996,12.792
Slovenia,SVN,1997,-15.731
Slovenia,SVN,1998,11.614
Slovenia,SVN,1999,8.377
Slovenia,SVN,2000,2.541
Slovenia,SVN,2001,-1.634
Slovenia,SVN,2002,-13.287
Slovenia,SVN,2003,-11.318
Slovenia,SVN,2004,37.603
Slovenia,SVN,2005,-16.017
Slovenia,SVN,2006,3.104
Slovenia,SVN,2007,-9.619
Slovenia,SVN,2008,22.261
Slovenia,SVN,2009,16.623
Slovenia,SVN,2010,-4.766
Slovenia,SVN,2011,-21.641
Slovenia,SVN,2012,8.798
Slovenia,SVN,2013,18.008
Slovenia,SVN,2014,30.817
Slovenia,SVN,2015,-37.864
Slovenia,SVN,2016,17.551
Slovenia,SVN,2017,-14.599
Slovenia,SVN,2018,20.899
Slovenia,SVN,2019,-6.933
South Africa,ZAF,1966,-2.703
South Africa,ZAF,1967,-27.778
South Africa,ZAF,1968,-7.692
South Africa,ZAF,1969,-12.5
South Africa,ZAF,1970,19.048
South Africa,ZAF,1971,348
South Africa,ZAF,1972,644.643
South Africa,ZAF,1973,18.106
South Africa,ZAF,1974,14.924
South Africa,ZAF,1975,-1.06
South Africa,ZAF,1976,67.5
South Africa,ZAF,1977,3.625
South Africa,ZAF,1978,-1.903
South Africa,ZAF,1979,-40.01
South Africa,ZAF,1980,-13.287
South Africa,ZAF,1981,66.633
South Africa,ZAF,1982,-38.536
South Africa,ZAF,1983,-41.437
South Africa,ZAF,1984,-5.882
South Africa,ZAF,1985,11.429
South Africa,ZAF,1986,160.096
South Africa,ZAF,1987,-0.37
South Africa,ZAF,1988,95.547
South Africa,ZAF,1989,-12.745
South Africa,ZAF,1990,-63.393
South Africa,ZAF,1991,96.04
South Africa,ZAF,1992,-62.02
South Africa,ZAF,1993,-80.585
South Africa,ZAF,1994,635.616
South Africa,ZAF,1995,-50.745
South Africa,ZAF,1996,149.338
South Africa,ZAF,1997,58.605
South Africa,ZAF,1998,-23.757
South Africa,ZAF,1999,-54.483
South Africa,ZAF,2000,51.653
South Africa,ZAF,2001,55.297
South Africa,ZAF,2002,20.311
South Africa,ZAF,2003,-60.551
South Africa,ZAF,2004,14.077
South Africa,ZAF,2005,39.326
South Africa,ZAF,2006,116.181
South Africa,ZAF,2007,-1.722
South Africa,ZAF,2008,-56.317
South Africa,ZAF,2009,14.531
South Africa,ZAF,2010,-21.75
South Africa,ZAF,2011,166.44
South Africa,ZAF,2012,-66.958
South Africa,ZAF,2013,7.732
South Africa,ZAF,2014,61.635
South Africa,ZAF,2015,-55.643
South Africa,ZAF,2016,-13.126
South Africa,ZAF,2017,23.708
South Africa,ZAF,2018,-13.253
South Africa,ZAF,2019,-0.369
South Korea,KOR,1966,38.694
South Korea,KOR,1967,-3.263
South Korea,KOR,1968,-2.485
South Korea,KOR,1969,53.689
South Korea,KOR,1970,-14.549
South Korea,KOR,1971,8.134
South Korea,KOR,1972,3.644
South Korea,KOR,1973,-6.112
South Korea,KOR,1974,48.378
South Korea,KOR,1975,-11.703
South Korea,KOR,1976,6.29
South Korea,KOR,1977,-22.136
South Korea,KOR,1978,29.783
South Korea,KOR,1979,27.034
South Korea,KOR,1980,-16.366
South Korea,KOR,1981,35.271
South Korea,KOR,1982,-33.966
South Korea,KOR,1983,33.744
South Korea,KOR,1984,-12.904
South Korea,KOR,1985,59.396
South Korea,KOR,1986,-2.358
South Korea,KOR,1987,27.509
South Korea,KOR,1988,-49.885
South Korea,KOR,1989,49.151
South Korea,KOR,1990,58.03
South Korea,KOR,1991,-25.575
South Korea,KOR,1992,-11.147
South Korea,KOR,1993,36.485
South Korea,KOR,1994,-44.505
South Korea,KOR,1995,17.639
South Korea,KOR,1996,-12.159
South Korea,KOR,1997,16.072
South Korea,KOR,1998,52.076
South Korea,KOR,1999,-2.808
South Korea,KOR,2000,-3.599
South Korea,KOR,2001,-42.268
South Korea,KOR,2002,37.854
South Korea,KOR,2003,50.158
South Korea,KOR,2004,-12.321
South Korea,KOR,2005,-15.333
South Korea,KOR,2006,-6.195
South Korea,KOR,2007,4.078
South Korea,KOR,2008,-15.987
South Korea,KOR,2009,-8.935
South Korea,KOR,2010,30.08
South Korea,KOR,2011,24.108
South Korea,KOR,2012,-13.273
South Korea,KOR,2013,6.274
South Korea,KOR,2014,-36.238
South Korea,KOR,2015,-22.478
South Korea,KOR,2016,31.864
South Korea,KOR,2017,-1.896
South Korea,KOR,2018,18.903
South Korea,KOR,2019,-17.683
Spain,ESP,1966,38.457
Spain,ESP,1967,-16.879
Spain,ESP,1968,7.64
Spain,ESP,1969,25.484
Spain,ESP,1970,-9.251
Spain,ESP,1971,14.561
Spain,ESP,1972,11.482
Spain,ESP,1973,-18.487
Spain,ESP,1974,5.728
Spain,ESP,1975,-14.731
Spain,ESP,1976,-19.693
Spain,ESP,1977,89.318
Spain,ESP,1978,1.572
Spain,ESP,1979,15.269
Spain,ESP,1980,-36.311
Spain,ESP,1981,-25.746
Spain,ESP,1982,20.003
Spain,ESP,1983,2.719
Spain,ESP,1984,16.405
Spain,ESP,1985,-0.626
Spain,ESP,1986,-15.319
Spain,ESP,1987,3.355
Spain,ESP,1988,28.715
Spain,ESP,1989,-45.103
Spain,ESP,1990,31.345
Spain,ESP,1991,7.35
Spain,ESP,1992,-30.65
Spain,ESP,1993,28.842
Spain,ESP,1994,15.601
Spain,ESP,1995,-17.984
Spain,ESP,1996,72.214
Spain,ESP,1997,-12.622
Spain,ESP,1998,-2.223
Spain,ESP,1999,-32.766
Spain,ESP,2000,29.336
Spain,ESP,2001,37.844
Spain,ESP,2002,-44.495
Spain,ESP,2003,77.97
Spain,ESP,2004,-23.335
Spain,ESP,2005,-43.936
Spain,ESP,2006,43.952
Spain,ESP,2007,4.53
Spain,ESP,2008,-14.127
Spain,ESP,2009,11.294
Spain,ESP,2010,58.535
Spain,ESP,2011,-27.658
Spain,ESP,2012,-33.258
Spain,ESP,2013,77.943
Spain,ESP,2014,5.858
Spain,ESP,2015,-28.585
Spain,ESP,2016,28.536
Spain,ESP,2017,-49.549
Spain,ESP,2018,87.323
Spain,ESP,2019,-27.737
Sri Lanka,LKA,1966,9.315
Sri Lanka,LKA,1967,2.757
Sri Lanka,LKA,1968,15.61
Sri Lanka,LKA,1969,15.823
Sri Lanka,LKA,1970,34.845
Sri Lanka,LKA,1971,11.509
Sri Lanka,LKA,1972,2.617
Sri Lanka,LKA,1973,-17.873
Sri Lanka,LKA,1974,43.395
Sri Lanka,LKA,1975,7.919
Sri Lanka,LKA,1976,3.056
Sri Lanka,LKA,1977,9.41
Sri Lanka,LKA,1978,12.555
Sri Lanka,LKA,1979,6.99
Sri Lanka,LKA,1980,1.252
Sri Lanka,LKA,1981,6.182
Sri Lanka,LKA,1982,2.291
Sri Lanka,LKA,1983,-24.285
Sri Lanka,LKA,1984,71.886
Sri Lanka,LKA,1985,14.501
Sri Lanka,LKA,1986,10.415
Sri Lanka,LKA,1987,-17.697
Sri Lanka,LKA,1988,19.279
Sri Lanka,LKA,1989,7.875
Sri Lanka,LKA,1990,12.266
Sri Lanka,LKA,1991,-0.897
Sri Lanka,LKA,1992,-6.953
Sri Lanka,LKA,1993,30.901
Sri Lanka,LKA,1994,7.721
Sri Lanka,LKA,1995,10.393
Sri Lanka,LKA,1996,-27.961
Sri Lanka,LKA,1997,6.008
Sri Lanka,LKA,1998,13.567
Sri Lanka,LKA,1999,6.706
Sri Lanka,LKA,2000,-23.298
Sri Lanka,LKA,2001,-3.327
Sri Lanka,LKA,2002,-13.947
Sri Lanka,LKA,2003,22.11
Sri Lanka,LKA,2004,-11.102
Sri Lanka,LKA,2005,15.776
Sri Lanka,LKA,2006,33.376
Sri Lanka,LKA,2007,-15.326
Sri Lanka,LKA,2008,3.968
Sri Lanka,LKA,2009,-6.574
Sri Lanka,LKA,2010,44.173
Sri Lanka,LKA,2011,-19.286
Sri Lanka,LKA,2012,-28.398
Sri Lanka,LKA,2013,108.575
Sri Lanka,LKA,2014,-34.548
Sri Lanka,LKA,2015,30.282
Sri Lanka,LKA,2016,-29.656
Sri Lanka,LKA,2017,-5.291
Sri Lanka,LKA,2018,58.434
Sri Lanka,LKA,2019,-25.148
Sweden,SWE,1966,-2.012
Sweden,SWE,1967,8.347
Sweden,SWE,1968,-1.11
Sweden,SWE,1969,-14.176
Sweden,SWE,1970,-0.815
Sweden,SWE,1971,25.363
Sweden,SWE,1972,3.328
Sweden,SWE,1973,11.404
Sweden,SWE,1974,-4.354
Sweden,SWE,1975,0.669
Sweden,SWE,1976,-4.885
Sweden,SWE,1977,-2.438
Sweden,SWE,1978,7.96
Sweden,SWE,1979,5.761
Sweden,SWE,1980,-3.621
Sweden,SWE,1981,1.503
Sweden,SWE,1982,-7.844
Sweden,SWE,1983,15.396
Sweden,SWE,1984,6.865
Sweden,SWE,1985,4.539
Sweden,SWE,1986,-14.164
Sweden,SWE,1987,17.923
Sweden,SWE,1988,-2.743
Sweden,SWE,1989,2.672
Sweden,SWE,1990,1.058
Sweden,SWE,1991,-12.771
Sweden,SWE,1992,17.573
Sweden,SWE,1993,0.381
Sweden,SWE,1994,-20.831
Sweden,SWE,1995,15.228
Sweden,SWE,1996,-24.019
Sweden,SWE,1997,33.467
Sweden,SWE,1998,8.235
Sweden,SWE,1999,-4.083
Sweden,SWE,2000,9.615
Sweden,SWE,2001,-0.046
Sweden,SWE,2002,-16.609
Sweden,SWE,2003,-19.834
Sweden,SWE,2004,12.443
Sweden,SWE,2005,19.218
Sweden,SWE,2006,-15.74
Sweden,SWE,2007,6.67
Sweden,SWE,2008,3.636
Sweden,SWE,2009,-5.778
Sweden,SWE,2010,0.882
Sweden,SWE,2011,0.387
Sweden,SWE,2012,16.994
Sweden,SWE,2013,-22.736
Sweden,SWE,2014,3.292
Sweden,SWE,2015,17.409
Sweden,SWE,2016,-18.139
Sweden,SWE,2017,4.134
Sweden,SWE,2018,-5.044
Sweden,SWE,2019,5.526
Switzerland,CHE,1966,14.198
Switzerland,CHE,1967,8.473
Switzerland,CHE,1968,-1.122
Switzerland,CHE,1969,-4.304
Switzerland,CHE,1970,3.284
Switzerland,CHE,1971,-0.442
Switzerland,CHE,1972,-16.56
Switzerland,CHE,1973,9.708
Switzerland,CHE,1974,4.753
Switzerland,CHE,1975,15.746
Switzerland,CHE,1976,-19.811
Switzerland,CHE,1977,34.974
Switzerland,CHE,1978,-9.542
Switzerland,CHE,1979,-5.945
Switzerland,CHE,1980,12.679
Switzerland,CHE,1981,5.014
Switzerland,CHE,1982,2.409
Switzerland,CHE,1983,-2.526
Switzerland,CHE,1984,-14.742
Switzerland,CHE,1985,7.22
Switzerland,CHE,1986,2.662
Switzerland,CHE,1987,5.377
Switzerland,CHE,1988,3.231
Switzerland,CHE,1989,-16.818
Switzerland,CHE,1990,0.077
Switzerland,CHE,1991,7.659
Switzerland,CHE,1992,1.944
Switzerland,CHE,1993,9.41
Switzerland,CHE,1994,9.199
Switzerland,CHE,1995,-9.984
Switzerland,CHE,1996,-18.264
Switzerland,CHE,1997,18.431
Switzerland,CHE,1998,-1.677
Switzerland,CHE,1999,19.515
Switzerland,CHE,2000,-7.926
Switzerland,CHE,2001,11.448
Switzerland,CHE,2002,-15.434
Switzerland,CHE,2003,-1.784
Switzerland,CHE,2004,-3.539
Switzerland,CHE,2005,-8.057
Switzerland,CHE,2006,-1.482
Switzerland,CHE,2007,13.149
Switzerland,CHE,2008,1.595
Switzerland,CHE,2009,-1.478
Switzerland,CHE,2010,0.324
Switzerland,CHE,2011,-10.727
Switzerland,CHE,2012,18.451
Switzerland,CHE,2013,-0.961
Switzerland,CHE,2014,-1.696
Switzerland,CHE,2015,-0.016
Switzerland,CHE,2016,-10.033
Switzerland,CHE,2017,-2.117
Switzerland,CHE,2018,0.913
Switzerland,CHE,2019,-0.097
Taiwan,TWN,1966,2.9
Taiwan,TWN,1967,-1.015
Taiwan,TWN,1968,46.697
Taiwan,TWN,1969,-21.014
Taiwan,TWN,1970,-6.127
Taiwan,TWN,1971,7.888
Taiwan,TWN,1972,17.632
Taiwan,TWN,1973,-6.518
Taiwan,TWN,1974,38.423
Taiwan,TWN,1975,11.817
Taiwan,TWN,1976,-18.609
Taiwan,TWN,1977,-6.049
Taiwan,TWN,1978,23.44
Taiwan,TWN,1979,-8.035
Taiwan,TWN,1980,-35.932
Taiwan,TWN,1981,63.739
Taiwan,TWN,1982,-0.204
Taiwan,TWN,1983,4.32
Taiwan,TWN,1984,-12.079
Taiwan,TWN,1985,36.846
Taiwan,TWN,1986,2.146
Taiwan,TWN,1987,-10.13
Taiwan,TWN,1988,-15.159
Taiwan,TWN,1989,4.056
Taiwan,TWN,1990,31.207
Taiwan,TWN,1991,-39.609
Taiwan,TWN,1992,70.124
Taiwan,TWN,1993,-37.327
Taiwan,TWN,1994,23.186
Taiwan,TWN,1995,-4.387
Taiwan,TWN,1996,-1.992
Taiwan,TWN,1997,10.593
Taiwan,TWN,1998,18.232
Taiwan,TWN,1999,-18.556
Taiwan,TWN,2000,-9.722
Taiwan,TWN,2001,10.905
Taiwan,TWN,2002,-45.76
Taiwan,TWN,2003,8.498
Taiwan,TWN,2004,5.105
Taiwan,TWN,2005,23.399
Taiwan,TWN,2006,1.919
Taiwan,TWN,2007,7.377
Taiwan,TWN,2008,-3.151
Taiwan,TWN,2009,-13.471
Taiwan,TWN,2010,11.207
Taiwan,TWN,2011,-5.216
Taiwan,TWN,2012,40.89
Taiwan,TWN,2013,-4.927
Taiwan,TWN,2014,-20.854
Taiwan,TWN,2015,2.911
Taiwan,TWN,2016,45.928
Taiwan,TWN,2017,-17.483
Taiwan,TWN,2018,-18.444
Taiwan,TWN,2019,23.62
Thailand,THA,1966,26.516
Thailand,THA,1967,28.571
Thailand,THA,1968,2.705
Thailand,THA,1969,-25.552
Thailand,THA,1970,70.841
Thailand,THA,1971,14.605
Thailand,THA,1972,-15.625
Thailand,THA,1973,8.796
Thailand,THA,1974,30.745
Thailand,THA,1975,38.283
Thailand,THA,1976,7.002
Thailand,THA,1977,-10.228
Thailand,THA,1978,-35.375
Thailand,THA,1979,54.645
Thailand,THA,1980,-60.987
Thailand,THA,1981,133.621
Thailand,THA,1982,28.985
Thailand,THA,1983,-4.588
Thailand,THA,1984,11.503
Thailand,THA,1985,-9.556
Thailand,THA,1986,49.87
Thailand,THA,1987,-26.673
Thailand,THA,1988,-8.334
Thailand,THA,1989,48.251
Thailand,THA,1990,-11.104
Thailand,THA,1991,-8.056
Thailand,THA,1992,-7.689
Thailand,THA,1993,-13.139
Thailand,THA,1994,21.899
Thailand,THA,1995,49.719
Thailand,THA,1996,9.434
Thailand,THA,1997,-1.843
Thailand,THA,1998,-28.144
Thailand,THA,1999,-32.997
Thailand,THA,2000,72.786
Thailand,THA,2001,4.121
Thailand,THA,2002,18.546
Thailand,THA,2003,-2.788
Thailand,THA,2004,-18.716
Thailand,THA,2005,-4.427
Thailand,THA,2006,39.302
Thailand,THA,2007,-0.484
Thailand,THA,2008,-13.237
Thailand,THA,2009,-0.402
Thailand,THA,2010,-23.713
Thailand,THA,2011,47.501
Thailand,THA,2012,5.611
Thailand,THA,2013,-36.196
Thailand,THA,2014,-5.163
Thailand,THA,2015,-27.602
Thailand,THA,2016,-6.345
Thailand,THA,2017,31.513
Thailand,THA,2018,61.133
Thailand,THA,2019,-17.248
Turkey,TUR,1966,7.302
Turkey,TUR,1967,1.869
Turkey,TUR,1968,33.294
Turkey,TUR,1969,8.508
Turkey,TUR,1970,-11.963
Turkey,TUR,1971,-13.934
Turkey,TUR,1972,22.757
Turkey,TUR,1973,-18.75
Turkey,TUR,1974,28.901
Turkey,TUR,1975,75.922
Turkey,TUR,1976,41.859
Turkey,TUR,1977,2.358
Turkey,TUR,1978,8.895
Turkey,TUR,1979,10.221
Turkey,TUR,1980,10.296
Turkey,TUR,1981,11.173
Turkey,TUR,1982,12.291
Turkey,TUR,1983,-19.934
Turkey,TUR,1984,18.37
Turkey,TUR,1985,-10.289
Turkey,TUR,1986,-1.43
Turkey,TUR,1987,56.813
Turkey,TUR,1988,55.494
Turkey,TUR,1989,-38.032
Turkey,TUR,1990,29.031
Turkey,TUR,1991,-2.006
Turkey,TUR,1992,17.126
Turkey,TUR,1993,27.789
Turkey,TUR,1994,-9.911
Turkey,TUR,1995,16.2
Turkey,TUR,1996,13.883
Turkey,TUR,1997,-1.628
Turkey,TUR,1998,6.06
Turkey,TUR,1999,-17.882
Turkey,TUR,2000,-10.955
Turkey,TUR,2001,-22.749
Turkey,TUR,2002,39.386
Turkey,TUR,2003,4.213
Turkey,TUR,2004,29.609
Turkey,TUR,2005,-14.698
Turkey,TUR,2006,11.136
Turkey,TUR,2007,-19.477
Turkey,TUR,2008,-7.776
Turkey,TUR,2009,7.414
Turkey,TUR,2010,43.159
Turkey,TUR,2011,0.432
Turkey,TUR,2012,9.889
Turkey,TUR,2013,2.07
Turkey,TUR,2014,-32.008
Turkey,TUR,2015,64.219
Turkey,TUR,2016,-0.466
Turkey,TUR,2017,-13.915
Turkey,TUR,2018,2.352
Turkey,TUR,2019,48.203
Turkmenistan,TKM,1986,0
Turkmenistan,TKM,1987,0
Turkmenistan,TKM,1988,0
Turkmenistan,TKM,1989,0
Turkmenistan,TKM,1990,0
Turkmenistan,TKM,1991,0
Turkmenistan,TKM,1992,40
Turkmenistan,TKM,1993,19.048
Turkmenistan,TKM,1994,-20
Turkmenistan,TKM,1995,0
Turkmenistan,TKM,1996,25
Turkmenistan,TKM,1997,0
Turkmenistan,TKM,1998,20
Turkmenistan,TKM,1999,-16.667
Turkmenistan,TKM,2000,-36.92
Turkmenistan,TKM,2001,-0.649
Turkmenistan,TKM,2002,-0.645
Turkmenistan,TKM,2003,-0.641
Turkmenistan,TKM,2004,-0.637
Turkmenistan,TKM,2005,-0.633
Turkmenistan,TKM,2006,-0.629
Turkmenistan,TKM,2007,-0.625
Turkmenistan,TKM,2008,-0.621
Turkmenistan,TKM,2009,-0.617
Turkmenistan,TKM,2010,-0.614
Turkmenistan,TKM,2011,-0.61
Turkmenistan,TKM,2012,-0.606
Turkmenistan,TKM,2013,-0.602
Turkmenistan,TKM,2014,-0.599
Turkmenistan,TKM,2015,-0.595
Turkmenistan,TKM,2016,-0.591
Turkmenistan,TKM,2017,-0.588
Turkmenistan,TKM,2018,-0.585
Turkmenistan,TKM,2019,-0.369
Ukraine,UKR,1986,-0.536
Ukraine,UKR,1987,-9.954
Ukraine,UKR,1988,24.367
Ukraine,UKR,1989,-15.111
Ukraine,UKR,1990,3.798
Ukraine,UKR,1991,11.375
Ukraine,UKR,1992,-32.681
Ukraine,UKR,1993,40.036
Ukraine,UKR,1994,9.774
Ukraine,UKR,1995,-17.866
Ukraine,UKR,1996,-13.272
Ukraine,UKR,1997,14.18
Ukraine,UKR,1998,59.69
Ukraine,UKR,1999,-8.99
Ukraine,UKR,2000,-21.293
Ukraine,UKR,2001,6.03
Ukraine,UKR,2002,-20.505
Ukraine,UKR,2003,-4.656
Ukraine,UKR,2004,26.414
Ukraine,UKR,2005,4.524
Ukraine,UKR,2006,3.575
Ukraine,UKR,2007,-21.779
Ukraine,UKR,2008,12.792
Ukraine,UKR,2009,3.043
Ukraine,UKR,2010,9.512
Ukraine,UKR,2011,-17.297
Ukraine,UKR,2012,-4.831
Ukraine,UKR,2013,30.949
Ukraine,UKR,2014,-38.952
Ukraine,UKR,2015,-36.73
Ukraine,UKR,2016,41.4
Ukraine,UKR,2017,15.883
Ukraine,UKR,2018,15.86
Ukraine,UKR,2019,-34.712
United Kingdom,GBR,1966,-1.648
United Kingdom,GBR,1967,7.694
United Kingdom,GBR,1968,-23.808
United Kingdom,GBR,1969,-12.52
United Kingdom,GBR,1970,39.312
United Kingdom,GBR,1971,-25.639
United Kingdom,GBR,1972,0
United Kingdom,GBR,1973,13.786
United Kingdom,GBR,1974,6.071
United Kingdom,GBR,1975,-5.723
United Kingdom,GBR,1976,18.187
United Kingdom,GBR,1977,-12.831
United Kingdom,GBR,1978,2.959
United Kingdom,GBR,1979,5.699
United Kingdom,GBR,1980,-8.111
United Kingdom,GBR,1981,11.76
United Kingdom,GBR,1982,2.648
United Kingdom,GBR,1983,0
United Kingdom,GBR,1984,0
United Kingdom,GBR,1985,-12.826
United Kingdom,GBR,1986,20.588
United Kingdom,GBR,1987,-12.195
United Kingdom,GBR,1988,16.667
United Kingdom,GBR,1989,-2.381
United Kingdom,GBR,1990,7.317
United Kingdom,GBR,1991,-11.364
United Kingdom,GBR,1992,17.949
United Kingdom,GBR,1993,-19.565
United Kingdom,GBR,1994,18.919
United Kingdom,GBR,1995,-9.091
United Kingdom,GBR,1996,-27
United Kingdom,GBR,1997,29.452
United Kingdom,GBR,1998,16.412
United Kingdom,GBR,1999,4.259
United Kingdom,GBR,2000,-4.683
United Kingdom,GBR,2001,-20.792
United Kingdom,GBR,2002,17.312
United Kingdom,GBR,2003,-33.013
United Kingdom,GBR,2004,49.134
United Kingdom,GBR,2005,0.976
United Kingdom,GBR,2006,-7.28
United Kingdom,GBR,2007,9.844
United Kingdom,GBR,2008,0.629
United Kingdom,GBR,2009,1.059
United Kingdom,GBR,2010,-31.725
United Kingdom,GBR,2011,57.517
United Kingdom,GBR,2012,-7.289
United Kingdom,GBR,2013,-11.977
United Kingdom,GBR,2014,24.483
United Kingdom,GBR,2015,6.317
United Kingdom,GBR,2016,-11.335
United Kingdom,GBR,2017,4.924
United Kingdom,GBR,2018,-8.357
United Kingdom,GBR,2019,8.635
United States,USA,1966,0.484
United States,USA,1967,13.646
United States,USA,1968,0.411
United States,USA,1969,12.217
United States,USA,1970,-0.991
United States,USA,1971,7.401
United States,USA,1972,2.374
United States,USA,1973,-0.181
United States,USA,1974,10.45
United States,USA,1975,-0.348
United States,USA,1976,-5.353
United States,USA,1977,-22.07
United States,USA,1978,26.774
United States,USA,1979,-0.137
United States,USA,1980,-1.376
United States,USA,1981,-5.494
United States,USA,1982,18.393
United States,USA,1983,7.336
United States,USA,1984,-3.275
United States,USA,1985,-12.334
United States,USA,1986,3.41
United States,USA,1987,-13.996
United States,USA,1988,-10.581
United States,USA,1989,20.29
United States,USA,1990,6.391
United States,USA,1991,-1.695
United States,USA,1992,-12.495
United States,USA,1993,11.067
United States,USA,1994,-7.13
United States,USA,1995,20.004
United States,USA,1996,11.673
United States,USA,1997,2.424
United States,USA,1998,-9.519
United States,USA,1999,-1.703
United States,USA,2000,-13.848
United States,USA,2001,-23.422
United States,USA,2002,22.004
United States,USA,2003,3.902
United States,USA,2004,-3.367
United States,USA,2005,0.833
United States,USA,2006,6.501
United States,USA,2007,-15.416
United States,USA,2008,2.654
United States,USA,2009,7.49
United States,USA,2010,-5.832
United States,USA,2011,22.114
United States,USA,2012,-13.833
United States,USA,2013,-3.316
United States,USA,2014,-4.626
United States,USA,2015,-4.209
United States,USA,2016,6.391
United States,USA,2017,11.866
United States,USA,2018,-3.027
United States,USA,2019,-6.686
Uzbekistan,UZB,1986,-14.972
Uzbekistan,UZB,1987,46.603
Uzbekistan,UZB,1988,5.809
Uzbekistan,UZB,1989,-23.196
Uzbekistan,UZB,1990,20.825
Uzbekistan,UZB,1991,-9.281
Uzbekistan,UZB,1992,4.145
Uzbekistan,UZB,1993,17.147
Uzbekistan,UZB,1994,-2.745
Uzbekistan,UZB,1995,-13.527
Uzbekistan,UZB,1996,5.446
Uzbekistan,UZB,1997,-11.464
Uzbekistan,UZB,1998,-0.329
Uzbekistan,UZB,1999,-1.146
Uzbekistan,UZB,2000,3.285
Uzbekistan,UZB,2001,1.683
Uzbekistan,UZB,2002,2.145
Uzbekistan,UZB,2003,14.921
Uzbekistan,UZB,2004,-9.823
Uzbekistan,UZB,2005,5.216
Uzbekistan,UZB,2006,-15.456
Uzbekistan,UZB,2007,9.693
Uzbekistan,UZB,2008,-32.498
Uzbekistan,UZB,2009,46.909
Uzbekistan,UZB,2010,25.582
Uzbekistan,UZB,2011,-30.587
Uzbekistan,UZB,2012,10.403
Uzbekistan,UZB,2013,-1.932
Uzbekistan,UZB,2014,-1.946
Uzbekistan,UZB,2015,-3.239
Uzbekistan,UZB,2016,20.983
Uzbekistan,UZB,2017,14.34
Uzbekistan,UZB,2018,-30.431
Uzbekistan,UZB,2019,9.814
Venezuela,VEN,1966,1.899
Venezuela,VEN,1967,17.276
Venezuela,VEN,1968,67.971
Venezuela,VEN,1969,16.084
Venezuela,VEN,1970,28.652
Venezuela,VEN,1971,31.335
Venezuela,VEN,1972,11.688
Venezuela,VEN,1973,3.405
Venezuela,VEN,1974,23.807
Venezuela,VEN,1975,15.882
Venezuela,VEN,1976,18.441
Venezuela,VEN,1977,14.984
Venezuela,VEN,1978,0.567
Venezuela,VEN,1979,16.416
Venezuela,VEN,1980,2.437
Venezuela,VEN,1981,3.435
Venezuela,VEN,1982,4.812
Venezuela,VEN,1983,14.222
Venezuela,VEN,1984,12.069
Venezuela,VEN,1985,11.881
Venezuela,VEN,1986,11.087
Venezuela,VEN,1987,22.592
Venezuela,VEN,1988,10.894
Venezuela,VEN,1989,1.354
Venezuela,VEN,1990,6.684
Venezuela,VEN,1991,20.439
Venezuela,VEN,1992,6.127
Venezuela,VEN,1993,0.438
Venezuela,VEN,1994,8.016
Venezuela,VEN,1995,0.324
Venezuela,VEN,1996,4.659
Venezuela,VEN,1997,6.353
Venezuela,VEN,1998,1.144
Venezuela,VEN,1999,4.622
Venezuela,VEN,2000,3.772
Venezuela,VEN,2001,-4.512
Venezuela,VEN,2002,-2.136
Venezuela,VEN,2003,1.025
Venezuela,VEN,2004,15.028
Venezuela,VEN,2005,9.312
Venezuela,VEN,2006,4.946
Venezuela,VEN,2007,1.354
Venezuela,VEN,2008,3.781
Venezuela,VEN,2009,-1.619
Venezuela,VEN,2010,-11.242
Venezuela,VEN,2011,7.811
Venezuela,VEN,2012,-2.302
Venezuela,VEN,2013,1.428
Venezuela,VEN,2014,-6.15
Venezuela,VEN,2015,-7.348
Venezuela,VEN,2016,-16.435
Venezuela,VEN,2017,-4.46
Venezuela,VEN,2018,-4.456
Venezuela,VEN,2019,10.611
Vietnam,VNM,1966,14.706
Vietnam,VNM,1967,10.256
Vietnam,VNM,1968,11.628
Vietnam,VNM,1969,12.5
Vietnam,VNM,1970,11.111
Vietnam,VNM,1971,2.333
Vietnam,VNM,1972,-31.27
Vietnam,VNM,1973,-0.474
Vietnam,VNM,1974,0
Vietnam,VNM,1975,19.048
Vietnam,VNM,1976,11.4
Vietnam,VNM,1977,7.72
Vietnam,VNM,1978,33.333
Vietnam,VNM,1979,25
Vietnam,VNM,1980,48.8
Vietnam,VNM,1981,1.277
Vietnam,VNM,1982,3.517
Vietnam,VNM,1983,-21.603
Vietnam,VNM,1984,30.744
Vietnam,VNM,1985,-7.63
Vietnam,VNM,1986,-4.739
Vietnam,VNM,1987,-1.635
Vietnam,VNM,1988,29.408
Vietnam,VNM,1989,114.294
Vietnam,VNM,1990,39.891
Vietnam,VNM,1991,17.657
Vietnam,VNM,1992,14.421
Vietnam,VNM,1993,10.196
Vietnam,VNM,1994,16.045
Vietnam,VNM,1995,14.487
Vietnam,VNM,1996,13.476
Vietnam,VNM,1997,-2.923
Vietnam,VNM,1998,-4.821
Vietnam,VNM,1999,24.146
Vietnam,VNM,2000,5.641
Vietnam,VNM,2001,24.333
Vietnam,VNM,2002,-0.711
Vietnam,VNM,2003,3.661
Vietnam,VNM,2004,-6.75
Vietnam,VNM,2005,-7.788
Vietnam,VNM,2006,18.458
Vietnam,VNM,2007,13.118
Vietnam,VNM,2008,15.089
Vietnam,VNM,2009,14.655
Vietnam,VNM,2010,-5.43
Vietnam,VNM,2011,43.124
Vietnam,VNM,2012,28.987
Vietnam,VNM,2013,7.815
Vietnam,VNM,2014,6.871
Vietnam,VNM,2015,-8.581
Vietnam,VNM,2016,14.843
Vietnam,VNM,2017,33.601
Vietnam,VNM,2018,-5.375
Vietnam,VNM,2019,-22.683
World,OWID_WRL,1966,6.566
World,OWID_WRL,1967,2.229
World,OWID_WRL,1968,5.324
World,OWID_WRL,1969,5.896
World,OWID_WRL,1970,4.716
World,OWID_WRL,1971,4.462
World,OWID_WRL,1972,4.691
World,OWID_WRL,1973,1.431
World,OWID_WRL,1974,9.843
World,OWID_WRL,1975,1.231
World,OWID_WRL,1976,-0.397
World,OWID_WRL,1977,3.363
World,OWID_WRL,1978,8.227
World,OWID_WRL,1979,5.005
World,OWID_WRL,1980,2.151
World,OWID_WRL,1981,2.151
World,OWID_WRL,1982,1.809
World,OWID_WRL,1983,4.268
World,OWID_WRL,1984,3.387
World,OWID_WRL,1985,1.978
World,OWID_WRL,1986,1.354
World,OWID_WRL,1987,1.352
World,OWID_WRL,1988,3.197
World,OWID_WRL,1989,-0.531
World,OWID_WRL,1990,3.417
World,OWID_WRL,1991,2.339
World,OWID_WRL,1992,-0.015
World,OWID_WRL,1993,5.983
World,OWID_WRL,1994,0.668
World,OWID_WRL,1995,5.463
World,OWID_WRL,1996,1.403
World,OWID_WRL,1997,1.811
World,OWID_WRL,1998,0.811
World,OWID_WRL,1999,0.724
World,OWID_WRL,2000,1.776
World,OWID_WRL,2001,-3.2
World,OWID_WRL,2002,1.199
World,OWID_WRL,2003,-0.801
World,OWID_WRL,2004,6.667
World,OWID_WRL,2005,2.735
World,OWID_WRL,2006,3.164
World,OWID_WRL,2007,1.071
World,OWID_WRL,2008,5.125
World,OWID_WRL,2009,-0.767
World,OWID_WRL,2010,4.989
World,OWID_WRL,2011,1.277
World,OWID_WRL,2012,3.614
World,OWID_WRL,2013,3.873
World,OWID_WRL,2014,1.49
World,OWID_WRL,2015,-0.839
World,OWID_WRL,2016,2.692
World,OWID_WRL,2017,0.723
World,OWID_WRL,2018,1.996
World,OWID_WRL,2019,0.845